FID,title,category,CID
308,FERRIS MOTHER,Comedy,1
332,FRANKENSTEIN STRANGER,Comedy,1
345,GABLES METROPOLIS,Family,1
358,GILMORE BOILED,Classics,1
380,GREEK EVERYONE,Foreign,1
613,MYSTIC TRUMAN,Comedy,2
681,PIRATES ROXANNE,Sports,2
900,TOWN ARK,Foreign,2
935,VANISHED GARDEN,New,2
948,VOICE PEACH,New,2
58,BEACH HEARTBREAKERS,Documentary,3
73,BINGO TALENTED,Sci-Fi,3
74,BIRCH ANTITRUST,Music,3
75,BIRD INDEPENDENCE,Travel,3
88,BORN SPINAL,Travel,3
308,FERRIS MOTHER,Comedy,4
332,FRANKENSTEIN STRANGER,Comedy,4
345,GABLES METROPOLIS,Family,4
358,GILMORE BOILED,Classics,4
380,GREEK EVERYONE,Foreign,4
58,BEACH HEARTBREAKERS,Documentary,5
73,BINGO TALENTED,Sci-Fi,5
74,BIRCH ANTITRUST,Music,5
75,BIRD INDEPENDENCE,Travel,5
88,BORN SPINAL,Travel,5
795,SIEGE MADRE,Family,6
870,SWARM GOLD,Horror,6
967,WEEKEND PERSONAL,Sci-Fi,6
975,WILLOW TRACY,Family,6
988,WORKER TARZAN,Travel,6
58,BEACH HEARTBREAKERS,Documentary,7
73,BINGO TALENTED,Sci-Fi,7
74,BIRCH ANTITRUST,Music,7
75,BIRD INDEPENDENCE,Travel,7
88,BORN SPINAL,Travel,7
613,MYSTIC TRUMAN,Comedy,8
681,PIRATES ROXANNE,Sports,8
900,TOWN ARK,Foreign,8
935,VANISHED GARDEN,New,8
948,VOICE PEACH,New,8
613,MYSTIC TRUMAN,Comedy,9
681,PIRATES ROXANNE,Sports,9
900,TOWN ARK,Foreign,9
935,VANISHED GARDEN,New,9
948,VOICE PEACH,New,9
7,AIRPLANE SIERRA,Comedy,10
8,AIRPORT POLLOCK,Horror,10
9,ALABAMA DEVIL,Horror,10
10,ALADDIN CALENDAR,Sports,10
13,ALI FOREVER,Horror,10
7,AIRPLANE SIERRA,Comedy,11
8,AIRPORT POLLOCK,Horror,11
9,ALABAMA DEVIL,Horror,11
10,ALADDIN CALENDAR,Sports,11
13,ALI FOREVER,Horror,11
308,FERRIS MOTHER,Comedy,12
332,FRANKENSTEIN STRANGER,Comedy,12
345,GABLES METROPOLIS,Family,12
358,GILMORE BOILED,Classics,12
380,GREEK EVERYONE,Foreign,12
613,MYSTIC TRUMAN,Comedy,13
681,PIRATES ROXANNE,Sports,13
900,TOWN ARK,Foreign,13
935,VANISHED GARDEN,New,13
948,VOICE PEACH,New,13
241,DONNIE ALLEY,Animation,14
281,ENCINO ELF,Games,14
301,FAMILY SWEET,Horror,14
344,FURY MURDER,Children,14
349,GANGS PRIDE,Animation,14
613,MYSTIC TRUMAN,Comedy,15
681,PIRATES ROXANNE,Sports,15
900,TOWN ARK,Foreign,15
935,VANISHED GARDEN,New,15
948,VOICE PEACH,New,15
58,BEACH HEARTBREAKERS,Documentary,16
73,BINGO TALENTED,Sci-Fi,16
74,BIRCH ANTITRUST,Music,16
75,BIRD INDEPENDENCE,Travel,16
88,BORN SPINAL,Travel,16
213,DATE SPEED,Family,17
281,ENCINO ELF,Games,17
299,FACTORY DRAGON,Travel,17
352,GATHERING CALENDAR,Games,17
359,GLADIATOR WESTWARD,Family,17
613,MYSTIC TRUMAN,Comedy,18
681,PIRATES ROXANNE,Sports,18
900,TOWN ARK,Foreign,18
935,VANISHED GARDEN,New,18
948,VOICE PEACH,New,18
7,AIRPLANE SIERRA,Comedy,19
8,AIRPORT POLLOCK,Horror,19
9,ALABAMA DEVIL,Horror,19
10,ALADDIN CALENDAR,Sports,19
13,ALI FOREVER,Horror,19
308,FERRIS MOTHER,Comedy,20
332,FRANKENSTEIN STRANGER,Comedy,20
345,GABLES METROPOLIS,Family,20
358,GILMORE BOILED,Classics,20
380,GREEK EVERYONE,Foreign,20
795,SIEGE MADRE,Family,21
870,SWARM GOLD,Horror,21
967,WEEKEND PERSONAL,Sci-Fi,21
975,WILLOW TRACY,Family,21
988,WORKER TARZAN,Travel,21
567,MEET CHOCOLATE,Foreign,22
854,STRANGERS GRAFFITI,Horror,22
933,VAMPIRE WHALE,New,22
950,VOLUME HOUSE,Classics,22
967,WEEKEND PERSONAL,Sci-Fi,22
58,BEACH HEARTBREAKERS,Documentary,23
73,BINGO TALENTED,Sci-Fi,23
74,BIRCH ANTITRUST,Music,23
75,BIRD INDEPENDENCE,Travel,23
88,BORN SPINAL,Travel,23
58,BEACH HEARTBREAKERS,Documentary,24
73,BINGO TALENTED,Sci-Fi,24
74,BIRCH ANTITRUST,Music,24
75,BIRD INDEPENDENCE,Travel,24
88,BORN SPINAL,Travel,24
569,MENAGERIE RUSHMORE,Animation,25
605,MULHOLLAND BEAST,Foreign,25
692,POTLUCK MIXED,Animation,25
719,RECORDS ZORRO,Sports,25
721,REDS POCUS,Music,25
241,DONNIE ALLEY,Animation,26
281,ENCINO ELF,Games,26
301,FAMILY SWEET,Horror,26
344,FURY MURDER,Children,26
349,GANGS PRIDE,Animation,26
613,MYSTIC TRUMAN,Comedy,27
681,PIRATES ROXANNE,Sports,27
900,TOWN ARK,Foreign,27
935,VANISHED GARDEN,New,27
948,VOICE PEACH,New,27
241,DONNIE ALLEY,Animation,28
281,ENCINO ELF,Games,28
301,FAMILY SWEET,Horror,28
344,FURY MURDER,Children,28
349,GANGS PRIDE,Animation,28
241,DONNIE ALLEY,Animation,29
281,ENCINO ELF,Games,29
301,FAMILY SWEET,Horror,29
344,FURY MURDER,Children,29
349,GANGS PRIDE,Animation,29
795,SIEGE MADRE,Family,30
870,SWARM GOLD,Horror,30
967,WEEKEND PERSONAL,Sci-Fi,30
975,WILLOW TRACY,Family,30
988,WORKER TARZAN,Travel,30
613,MYSTIC TRUMAN,Comedy,31
681,PIRATES ROXANNE,Sports,31
900,TOWN ARK,Foreign,31
935,VANISHED GARDEN,New,31
948,VOICE PEACH,New,31
308,FERRIS MOTHER,Comedy,32
332,FRANKENSTEIN STRANGER,Comedy,32
345,GABLES METROPOLIS,Family,32
358,GILMORE BOILED,Classics,32
380,GREEK EVERYONE,Foreign,32
58,BEACH HEARTBREAKERS,Documentary,33
73,BINGO TALENTED,Sci-Fi,33
74,BIRCH ANTITRUST,Music,33
75,BIRD INDEPENDENCE,Travel,33
88,BORN SPINAL,Travel,33
613,MYSTIC TRUMAN,Comedy,34
681,PIRATES ROXANNE,Sports,34
900,TOWN ARK,Foreign,34
935,VANISHED GARDEN,New,34
948,VOICE PEACH,New,34
308,FERRIS MOTHER,Comedy,35
332,FRANKENSTEIN STRANGER,Comedy,35
345,GABLES METROPOLIS,Family,35
358,GILMORE BOILED,Classics,35
380,GREEK EVERYONE,Foreign,35
613,MYSTIC TRUMAN,Comedy,36
681,PIRATES ROXANNE,Sports,36
900,TOWN ARK,Foreign,36
935,VANISHED GARDEN,New,36
948,VOICE PEACH,New,36
308,FERRIS MOTHER,Comedy,37
332,FRANKENSTEIN STRANGER,Comedy,37
345,GABLES METROPOLIS,Family,37
358,GILMORE BOILED,Classics,37
380,GREEK EVERYONE,Foreign,37
613,MYSTIC TRUMAN,Comedy,38
681,PIRATES ROXANNE,Sports,38
900,TOWN ARK,Foreign,38
935,VANISHED GARDEN,New,38
948,VOICE PEACH,New,38
551,MAIDEN HOME,New,39
578,MILLION ACE,Classics,39
638,OPERATION OPERATION,Comedy,39
707,QUEST MUSSOLINI,Action,39
720,REDEMPTION COMFORTS,New,39
569,MENAGERIE RUSHMORE,Animation,40
605,MULHOLLAND BEAST,Foreign,40
692,POTLUCK MIXED,Animation,40
719,RECORDS ZORRO,Sports,40
721,REDS POCUS,Music,40
58,BEACH HEARTBREAKERS,Documentary,41
73,BINGO TALENTED,Sci-Fi,41
74,BIRCH ANTITRUST,Music,41
75,BIRD INDEPENDENCE,Travel,41
88,BORN SPINAL,Travel,41
795,SIEGE MADRE,Family,42
870,SWARM GOLD,Horror,42
967,WEEKEND PERSONAL,Sci-Fi,42
975,WILLOW TRACY,Family,42
988,WORKER TARZAN,Travel,42
551,MAIDEN HOME,New,43
578,MILLION ACE,Classics,43
638,OPERATION OPERATION,Comedy,43
707,QUEST MUSSOLINI,Action,43
720,REDEMPTION COMFORTS,New,43
58,BEACH HEARTBREAKERS,Documentary,44
73,BINGO TALENTED,Sci-Fi,44
74,BIRCH ANTITRUST,Music,44
75,BIRD INDEPENDENCE,Travel,44
88,BORN SPINAL,Travel,44
795,SIEGE MADRE,Family,45
870,SWARM GOLD,Horror,45
967,WEEKEND PERSONAL,Sci-Fi,45
975,WILLOW TRACY,Family,45
988,WORKER TARZAN,Travel,45
58,BEACH HEARTBREAKERS,Documentary,46
73,BINGO TALENTED,Sci-Fi,46
74,BIRCH ANTITRUST,Music,46
75,BIRD INDEPENDENCE,Travel,46
88,BORN SPINAL,Travel,46
58,BEACH HEARTBREAKERS,Documentary,47
73,BINGO TALENTED,Sci-Fi,47
74,BIRCH ANTITRUST,Music,47
75,BIRD INDEPENDENCE,Travel,47
88,BORN SPINAL,Travel,47
58,BEACH HEARTBREAKERS,Documentary,48
73,BINGO TALENTED,Sci-Fi,48
74,BIRCH ANTITRUST,Music,48
75,BIRD INDEPENDENCE,Travel,48
88,BORN SPINAL,Travel,48
58,BEACH HEARTBREAKERS,Documentary,49
73,BINGO TALENTED,Sci-Fi,49
74,BIRCH ANTITRUST,Music,49
75,BIRD INDEPENDENCE,Travel,49
88,BORN SPINAL,Travel,49
241,DONNIE ALLEY,Animation,50
281,ENCINO ELF,Games,50
301,FAMILY SWEET,Horror,50
344,FURY MURDER,Children,50
349,GANGS PRIDE,Animation,50
241,DONNIE ALLEY,Animation,51
281,ENCINO ELF,Games,51
301,FAMILY SWEET,Horror,51
344,FURY MURDER,Children,51
349,GANGS PRIDE,Animation,51
308,FERRIS MOTHER,Comedy,52
332,FRANKENSTEIN STRANGER,Comedy,52
345,GABLES METROPOLIS,Family,52
358,GILMORE BOILED,Classics,52
380,GREEK EVERYONE,Foreign,52
613,MYSTIC TRUMAN,Comedy,53
681,PIRATES ROXANNE,Sports,53
900,TOWN ARK,Foreign,53
935,VANISHED GARDEN,New,53
948,VOICE PEACH,New,53
58,BEACH HEARTBREAKERS,Documentary,54
73,BINGO TALENTED,Sci-Fi,54
74,BIRCH ANTITRUST,Music,54
75,BIRD INDEPENDENCE,Travel,54
88,BORN SPINAL,Travel,54
241,DONNIE ALLEY,Animation,55
281,ENCINO ELF,Games,55
301,FAMILY SWEET,Horror,55
344,FURY MURDER,Children,55
349,GANGS PRIDE,Animation,55
308,FERRIS MOTHER,Comedy,56
332,FRANKENSTEIN STRANGER,Comedy,56
345,GABLES METROPOLIS,Family,56
358,GILMORE BOILED,Classics,56
380,GREEK EVERYONE,Foreign,56
613,MYSTIC TRUMAN,Comedy,57
681,PIRATES ROXANNE,Sports,57
900,TOWN ARK,Foreign,57
935,VANISHED GARDEN,New,57
948,VOICE PEACH,New,57
308,FERRIS MOTHER,Comedy,58
332,FRANKENSTEIN STRANGER,Comedy,58
345,GABLES METROPOLIS,Family,58
358,GILMORE BOILED,Classics,58
380,GREEK EVERYONE,Foreign,58
308,FERRIS MOTHER,Comedy,59
332,FRANKENSTEIN STRANGER,Comedy,59
345,GABLES METROPOLIS,Family,59
358,GILMORE BOILED,Classics,59
380,GREEK EVERYONE,Foreign,59
569,MENAGERIE RUSHMORE,Animation,60
605,MULHOLLAND BEAST,Foreign,60
692,POTLUCK MIXED,Animation,60
719,RECORDS ZORRO,Sports,60
721,REDS POCUS,Music,60
795,SIEGE MADRE,Family,61
870,SWARM GOLD,Horror,61
967,WEEKEND PERSONAL,Sci-Fi,61
975,WILLOW TRACY,Family,61
988,WORKER TARZAN,Travel,61
58,BEACH HEARTBREAKERS,Documentary,62
73,BINGO TALENTED,Sci-Fi,62
74,BIRCH ANTITRUST,Music,62
75,BIRD INDEPENDENCE,Travel,62
88,BORN SPINAL,Travel,62
551,MAIDEN HOME,New,63
578,MILLION ACE,Classics,63
638,OPERATION OPERATION,Comedy,63
707,QUEST MUSSOLINI,Action,63
720,REDEMPTION COMFORTS,New,63
58,BEACH HEARTBREAKERS,Documentary,64
73,BINGO TALENTED,Sci-Fi,64
74,BIRCH ANTITRUST,Music,64
75,BIRD INDEPENDENCE,Travel,64
88,BORN SPINAL,Travel,64
58,BEACH HEARTBREAKERS,Documentary,65
73,BINGO TALENTED,Sci-Fi,65
74,BIRCH ANTITRUST,Music,65
75,BIRD INDEPENDENCE,Travel,65
88,BORN SPINAL,Travel,65
613,MYSTIC TRUMAN,Comedy,66
681,PIRATES ROXANNE,Sports,66
900,TOWN ARK,Foreign,66
935,VANISHED GARDEN,New,66
948,VOICE PEACH,New,66
569,MENAGERIE RUSHMORE,Animation,67
605,MULHOLLAND BEAST,Foreign,67
692,POTLUCK MIXED,Animation,67
719,RECORDS ZORRO,Sports,67
721,REDS POCUS,Music,67
613,MYSTIC TRUMAN,Comedy,68
681,PIRATES ROXANNE,Sports,68
900,TOWN ARK,Foreign,68
935,VANISHED GARDEN,New,68
948,VOICE PEACH,New,68
795,SIEGE MADRE,Family,69
870,SWARM GOLD,Horror,69
967,WEEKEND PERSONAL,Sci-Fi,69
975,WILLOW TRACY,Family,69
988,WORKER TARZAN,Travel,69
7,AIRPLANE SIERRA,Comedy,70
8,AIRPORT POLLOCK,Horror,70
9,ALABAMA DEVIL,Horror,70
10,ALADDIN CALENDAR,Sports,70
13,ALI FOREVER,Horror,70
58,BEACH HEARTBREAKERS,Documentary,71
73,BINGO TALENTED,Sci-Fi,71
74,BIRCH ANTITRUST,Music,71
75,BIRD INDEPENDENCE,Travel,71
88,BORN SPINAL,Travel,71
58,BEACH HEARTBREAKERS,Documentary,72
73,BINGO TALENTED,Sci-Fi,72
74,BIRCH ANTITRUST,Music,72
75,BIRD INDEPENDENCE,Travel,72
88,BORN SPINAL,Travel,72
567,MEET CHOCOLATE,Foreign,73
854,STRANGERS GRAFFITI,Horror,73
933,VAMPIRE WHALE,New,73
950,VOLUME HOUSE,Classics,73
967,WEEKEND PERSONAL,Sci-Fi,73
58,BEACH HEARTBREAKERS,Documentary,74
73,BINGO TALENTED,Sci-Fi,74
74,BIRCH ANTITRUST,Music,74
75,BIRD INDEPENDENCE,Travel,74
88,BORN SPINAL,Travel,74
213,DATE SPEED,Family,75
281,ENCINO ELF,Games,75
299,FACTORY DRAGON,Travel,75
352,GATHERING CALENDAR,Games,75
359,GLADIATOR WESTWARD,Family,75
58,BEACH HEARTBREAKERS,Documentary,76
73,BINGO TALENTED,Sci-Fi,76
74,BIRCH ANTITRUST,Music,76
75,BIRD INDEPENDENCE,Travel,76
88,BORN SPINAL,Travel,76
613,MYSTIC TRUMAN,Comedy,77
681,PIRATES ROXANNE,Sports,77
900,TOWN ARK,Foreign,77
935,VANISHED GARDEN,New,77
948,VOICE PEACH,New,77
795,SIEGE MADRE,Family,78
870,SWARM GOLD,Horror,78
967,WEEKEND PERSONAL,Sci-Fi,78
975,WILLOW TRACY,Family,78
988,WORKER TARZAN,Travel,78
795,SIEGE MADRE,Family,79
870,SWARM GOLD,Horror,79
967,WEEKEND PERSONAL,Sci-Fi,79
975,WILLOW TRACY,Family,79
988,WORKER TARZAN,Travel,79
58,BEACH HEARTBREAKERS,Documentary,80
73,BINGO TALENTED,Sci-Fi,80
74,BIRCH ANTITRUST,Music,80
75,BIRD INDEPENDENCE,Travel,80
88,BORN SPINAL,Travel,80
213,DATE SPEED,Family,81
281,ENCINO ELF,Games,81
299,FACTORY DRAGON,Travel,81
352,GATHERING CALENDAR,Games,81
359,GLADIATOR WESTWARD,Family,81
58,BEACH HEARTBREAKERS,Documentary,82
73,BINGO TALENTED,Sci-Fi,82
74,BIRCH ANTITRUST,Music,82
75,BIRD INDEPENDENCE,Travel,82
88,BORN SPINAL,Travel,82
58,BEACH HEARTBREAKERS,Documentary,83
73,BINGO TALENTED,Sci-Fi,83
74,BIRCH ANTITRUST,Music,83
75,BIRD INDEPENDENCE,Travel,83
88,BORN SPINAL,Travel,83
58,BEACH HEARTBREAKERS,Documentary,84
73,BINGO TALENTED,Sci-Fi,84
74,BIRCH ANTITRUST,Music,84
75,BIRD INDEPENDENCE,Travel,84
88,BORN SPINAL,Travel,84
308,FERRIS MOTHER,Comedy,85
332,FRANKENSTEIN STRANGER,Comedy,85
345,GABLES METROPOLIS,Family,85
358,GILMORE BOILED,Classics,85
380,GREEK EVERYONE,Foreign,85
58,BEACH HEARTBREAKERS,Documentary,86
73,BINGO TALENTED,Sci-Fi,86
74,BIRCH ANTITRUST,Music,86
75,BIRD INDEPENDENCE,Travel,86
88,BORN SPINAL,Travel,86
795,SIEGE MADRE,Family,87
870,SWARM GOLD,Horror,87
967,WEEKEND PERSONAL,Sci-Fi,87
975,WILLOW TRACY,Family,87
988,WORKER TARZAN,Travel,87
213,DATE SPEED,Family,88
281,ENCINO ELF,Games,88
299,FACTORY DRAGON,Travel,88
352,GATHERING CALENDAR,Games,88
359,GLADIATOR WESTWARD,Family,88
241,DONNIE ALLEY,Animation,89
281,ENCINO ELF,Games,89
301,FAMILY SWEET,Horror,89
344,FURY MURDER,Children,89
349,GANGS PRIDE,Animation,89
58,BEACH HEARTBREAKERS,Documentary,90
73,BINGO TALENTED,Sci-Fi,90
74,BIRCH ANTITRUST,Music,90
75,BIRD INDEPENDENCE,Travel,90
88,BORN SPINAL,Travel,90
308,FERRIS MOTHER,Comedy,91
332,FRANKENSTEIN STRANGER,Comedy,91
345,GABLES METROPOLIS,Family,91
358,GILMORE BOILED,Classics,91
380,GREEK EVERYONE,Foreign,91
241,DONNIE ALLEY,Animation,92
281,ENCINO ELF,Games,92
301,FAMILY SWEET,Horror,92
344,FURY MURDER,Children,92
349,GANGS PRIDE,Animation,92
613,MYSTIC TRUMAN,Comedy,93
681,PIRATES ROXANNE,Sports,93
900,TOWN ARK,Foreign,93
935,VANISHED GARDEN,New,93
948,VOICE PEACH,New,93
241,DONNIE ALLEY,Animation,94
281,ENCINO ELF,Games,94
301,FAMILY SWEET,Horror,94
344,FURY MURDER,Children,94
349,GANGS PRIDE,Animation,94
308,FERRIS MOTHER,Comedy,95
332,FRANKENSTEIN STRANGER,Comedy,95
345,GABLES METROPOLIS,Family,95
358,GILMORE BOILED,Classics,95
380,GREEK EVERYONE,Foreign,95
241,DONNIE ALLEY,Animation,96
281,ENCINO ELF,Games,96
301,FAMILY SWEET,Horror,96
344,FURY MURDER,Children,96
349,GANGS PRIDE,Animation,96
551,MAIDEN HOME,New,97
578,MILLION ACE,Classics,97
638,OPERATION OPERATION,Comedy,97
707,QUEST MUSSOLINI,Action,97
720,REDEMPTION COMFORTS,New,97
213,DATE SPEED,Family,98
281,ENCINO ELF,Games,98
299,FACTORY DRAGON,Travel,98
352,GATHERING CALENDAR,Games,98
359,GLADIATOR WESTWARD,Family,98
58,BEACH HEARTBREAKERS,Documentary,99
73,BINGO TALENTED,Sci-Fi,99
74,BIRCH ANTITRUST,Music,99
75,BIRD INDEPENDENCE,Travel,99
88,BORN SPINAL,Travel,99
58,BEACH HEARTBREAKERS,Documentary,100
73,BINGO TALENTED,Sci-Fi,100
74,BIRCH ANTITRUST,Music,100
75,BIRD INDEPENDENCE,Travel,100
88,BORN SPINAL,Travel,100
58,BEACH HEARTBREAKERS,Documentary,101
73,BINGO TALENTED,Sci-Fi,101
74,BIRCH ANTITRUST,Music,101
75,BIRD INDEPENDENCE,Travel,101
88,BORN SPINAL,Travel,101
795,SIEGE MADRE,Family,102
870,SWARM GOLD,Horror,102
967,WEEKEND PERSONAL,Sci-Fi,102
975,WILLOW TRACY,Family,102
988,WORKER TARZAN,Travel,102
58,BEACH HEARTBREAKERS,Documentary,103
73,BINGO TALENTED,Sci-Fi,103
74,BIRCH ANTITRUST,Music,103
75,BIRD INDEPENDENCE,Travel,103
88,BORN SPINAL,Travel,103
241,DONNIE ALLEY,Animation,104
281,ENCINO ELF,Games,104
301,FAMILY SWEET,Horror,104
344,FURY MURDER,Children,104
349,GANGS PRIDE,Animation,104
136,CHAPLIN LICENSE,New,105
149,CHRISTMAS MOONSHINE,Children,105
156,CLERKS ANGELS,Documentary,105
180,CONSPIRACY SPIRIT,Classics,105
182,CONTROL ANTHEM,Comedy,105
213,DATE SPEED,Family,106
281,ENCINO ELF,Games,106
299,FACTORY DRAGON,Travel,106
352,GATHERING CALENDAR,Games,106
359,GLADIATOR WESTWARD,Family,106
795,SIEGE MADRE,Family,107
870,SWARM GOLD,Horror,107
967,WEEKEND PERSONAL,Sci-Fi,107
975,WILLOW TRACY,Family,107
988,WORKER TARZAN,Travel,107
308,FERRIS MOTHER,Comedy,108
332,FRANKENSTEIN STRANGER,Comedy,108
345,GABLES METROPOLIS,Family,108
358,GILMORE BOILED,Classics,108
380,GREEK EVERYONE,Foreign,108
795,SIEGE MADRE,Family,109
870,SWARM GOLD,Horror,109
967,WEEKEND PERSONAL,Sci-Fi,109
975,WILLOW TRACY,Family,109
988,WORKER TARZAN,Travel,109
58,BEACH HEARTBREAKERS,Documentary,110
73,BINGO TALENTED,Sci-Fi,110
74,BIRCH ANTITRUST,Music,110
75,BIRD INDEPENDENCE,Travel,110
88,BORN SPINAL,Travel,110
569,MENAGERIE RUSHMORE,Animation,111
605,MULHOLLAND BEAST,Foreign,111
692,POTLUCK MIXED,Animation,111
719,RECORDS ZORRO,Sports,111
721,REDS POCUS,Music,111
58,BEACH HEARTBREAKERS,Documentary,112
73,BINGO TALENTED,Sci-Fi,112
74,BIRCH ANTITRUST,Music,112
75,BIRD INDEPENDENCE,Travel,112
88,BORN SPINAL,Travel,112
241,DONNIE ALLEY,Animation,113
281,ENCINO ELF,Games,113
301,FAMILY SWEET,Horror,113
344,FURY MURDER,Children,113
349,GANGS PRIDE,Animation,113
569,MENAGERIE RUSHMORE,Animation,114
605,MULHOLLAND BEAST,Foreign,114
692,POTLUCK MIXED,Animation,114
719,RECORDS ZORRO,Sports,114
721,REDS POCUS,Music,114
613,MYSTIC TRUMAN,Comedy,115
681,PIRATES ROXANNE,Sports,115
900,TOWN ARK,Foreign,115
935,VANISHED GARDEN,New,115
948,VOICE PEACH,New,115
213,DATE SPEED,Family,116
281,ENCINO ELF,Games,116
299,FACTORY DRAGON,Travel,116
352,GATHERING CALENDAR,Games,116
359,GLADIATOR WESTWARD,Family,116
569,MENAGERIE RUSHMORE,Animation,117
605,MULHOLLAND BEAST,Foreign,117
692,POTLUCK MIXED,Animation,117
719,RECORDS ZORRO,Sports,117
721,REDS POCUS,Music,117
567,MEET CHOCOLATE,Foreign,118
854,STRANGERS GRAFFITI,Horror,118
933,VAMPIRE WHALE,New,118
950,VOLUME HOUSE,Classics,118
967,WEEKEND PERSONAL,Sci-Fi,118
795,SIEGE MADRE,Family,119
870,SWARM GOLD,Horror,119
967,WEEKEND PERSONAL,Sci-Fi,119
975,WILLOW TRACY,Family,119
988,WORKER TARZAN,Travel,119
569,MENAGERIE RUSHMORE,Animation,120
605,MULHOLLAND BEAST,Foreign,120
692,POTLUCK MIXED,Animation,120
719,RECORDS ZORRO,Sports,120
721,REDS POCUS,Music,120
308,FERRIS MOTHER,Comedy,121
332,FRANKENSTEIN STRANGER,Comedy,121
345,GABLES METROPOLIS,Family,121
358,GILMORE BOILED,Classics,121
380,GREEK EVERYONE,Foreign,121
551,MAIDEN HOME,New,122
578,MILLION ACE,Classics,122
638,OPERATION OPERATION,Comedy,122
707,QUEST MUSSOLINI,Action,122
720,REDEMPTION COMFORTS,New,122
551,MAIDEN HOME,New,123
578,MILLION ACE,Classics,123
638,OPERATION OPERATION,Comedy,123
707,QUEST MUSSOLINI,Action,123
720,REDEMPTION COMFORTS,New,123
569,MENAGERIE RUSHMORE,Animation,124
605,MULHOLLAND BEAST,Foreign,124
692,POTLUCK MIXED,Animation,124
719,RECORDS ZORRO,Sports,124
721,REDS POCUS,Music,124
569,MENAGERIE RUSHMORE,Animation,125
605,MULHOLLAND BEAST,Foreign,125
692,POTLUCK MIXED,Animation,125
719,RECORDS ZORRO,Sports,125
721,REDS POCUS,Music,125
551,MAIDEN HOME,New,126
578,MILLION ACE,Classics,126
638,OPERATION OPERATION,Comedy,126
707,QUEST MUSSOLINI,Action,126
720,REDEMPTION COMFORTS,New,126
551,MAIDEN HOME,New,127
578,MILLION ACE,Classics,127
638,OPERATION OPERATION,Comedy,127
707,QUEST MUSSOLINI,Action,127
720,REDEMPTION COMFORTS,New,127
58,BEACH HEARTBREAKERS,Documentary,128
73,BINGO TALENTED,Sci-Fi,128
74,BIRCH ANTITRUST,Music,128
75,BIRD INDEPENDENCE,Travel,128
88,BORN SPINAL,Travel,128
613,MYSTIC TRUMAN,Comedy,129
681,PIRATES ROXANNE,Sports,129
900,TOWN ARK,Foreign,129
935,VANISHED GARDEN,New,129
948,VOICE PEACH,New,129
795,SIEGE MADRE,Family,130
870,SWARM GOLD,Horror,130
967,WEEKEND PERSONAL,Sci-Fi,130
975,WILLOW TRACY,Family,130
988,WORKER TARZAN,Travel,130
58,BEACH HEARTBREAKERS,Documentary,131
73,BINGO TALENTED,Sci-Fi,131
74,BIRCH ANTITRUST,Music,131
75,BIRD INDEPENDENCE,Travel,131
88,BORN SPINAL,Travel,131
58,BEACH HEARTBREAKERS,Documentary,132
73,BINGO TALENTED,Sci-Fi,132
74,BIRCH ANTITRUST,Music,132
75,BIRD INDEPENDENCE,Travel,132
88,BORN SPINAL,Travel,132
795,SIEGE MADRE,Family,133
870,SWARM GOLD,Horror,133
967,WEEKEND PERSONAL,Sci-Fi,133
975,WILLOW TRACY,Family,133
988,WORKER TARZAN,Travel,133
58,BEACH HEARTBREAKERS,Documentary,134
73,BINGO TALENTED,Sci-Fi,134
74,BIRCH ANTITRUST,Music,134
75,BIRD INDEPENDENCE,Travel,134
88,BORN SPINAL,Travel,134
213,DATE SPEED,Family,135
281,ENCINO ELF,Games,135
299,FACTORY DRAGON,Travel,135
352,GATHERING CALENDAR,Games,135
359,GLADIATOR WESTWARD,Family,135
613,MYSTIC TRUMAN,Comedy,136
681,PIRATES ROXANNE,Sports,136
900,TOWN ARK,Foreign,136
935,VANISHED GARDEN,New,136
948,VOICE PEACH,New,136
230,DIARY PANIC,Drama,137
308,FERRIS MOTHER,Comedy,137
324,FLINTSTONES HAPPINESS,Comedy,137
359,GLADIATOR WESTWARD,Family,137
380,GREEK EVERYONE,Foreign,137
551,MAIDEN HOME,New,138
578,MILLION ACE,Classics,138
638,OPERATION OPERATION,Comedy,138
707,QUEST MUSSOLINI,Action,138
720,REDEMPTION COMFORTS,New,138
58,BEACH HEARTBREAKERS,Documentary,139
73,BINGO TALENTED,Sci-Fi,139
74,BIRCH ANTITRUST,Music,139
75,BIRD INDEPENDENCE,Travel,139
88,BORN SPINAL,Travel,139
795,SIEGE MADRE,Family,140
870,SWARM GOLD,Horror,140
967,WEEKEND PERSONAL,Sci-Fi,140
975,WILLOW TRACY,Family,140
988,WORKER TARZAN,Travel,140
308,FERRIS MOTHER,Comedy,141
332,FRANKENSTEIN STRANGER,Comedy,141
345,GABLES METROPOLIS,Family,141
358,GILMORE BOILED,Classics,141
380,GREEK EVERYONE,Foreign,141
613,MYSTIC TRUMAN,Comedy,142
681,PIRATES ROXANNE,Sports,142
900,TOWN ARK,Foreign,142
935,VANISHED GARDEN,New,142
948,VOICE PEACH,New,142
795,SIEGE MADRE,Family,143
870,SWARM GOLD,Horror,143
967,WEEKEND PERSONAL,Sci-Fi,143
975,WILLOW TRACY,Family,143
988,WORKER TARZAN,Travel,143
551,MAIDEN HOME,New,144
578,MILLION ACE,Classics,144
638,OPERATION OPERATION,Comedy,144
707,QUEST MUSSOLINI,Action,144
720,REDEMPTION COMFORTS,New,144
58,BEACH HEARTBREAKERS,Documentary,145
73,BINGO TALENTED,Sci-Fi,145
74,BIRCH ANTITRUST,Music,145
75,BIRD INDEPENDENCE,Travel,145
88,BORN SPINAL,Travel,145
58,BEACH HEARTBREAKERS,Documentary,146
73,BINGO TALENTED,Sci-Fi,146
74,BIRCH ANTITRUST,Music,146
75,BIRD INDEPENDENCE,Travel,146
88,BORN SPINAL,Travel,146
58,BEACH HEARTBREAKERS,Documentary,147
73,BINGO TALENTED,Sci-Fi,147
74,BIRCH ANTITRUST,Music,147
75,BIRD INDEPENDENCE,Travel,147
88,BORN SPINAL,Travel,147
795,SIEGE MADRE,Family,148
870,SWARM GOLD,Horror,148
967,WEEKEND PERSONAL,Sci-Fi,148
975,WILLOW TRACY,Family,148
988,WORKER TARZAN,Travel,148
795,SIEGE MADRE,Family,149
870,SWARM GOLD,Horror,149
967,WEEKEND PERSONAL,Sci-Fi,149
975,WILLOW TRACY,Family,149
988,WORKER TARZAN,Travel,149
569,MENAGERIE RUSHMORE,Animation,150
605,MULHOLLAND BEAST,Foreign,150
692,POTLUCK MIXED,Animation,150
719,RECORDS ZORRO,Sports,150
721,REDS POCUS,Music,150
58,BEACH HEARTBREAKERS,Documentary,151
73,BINGO TALENTED,Sci-Fi,151
74,BIRCH ANTITRUST,Music,151
75,BIRD INDEPENDENCE,Travel,151
88,BORN SPINAL,Travel,151
308,FERRIS MOTHER,Comedy,152
332,FRANKENSTEIN STRANGER,Comedy,152
345,GABLES METROPOLIS,Family,152
358,GILMORE BOILED,Classics,152
380,GREEK EVERYONE,Foreign,152
613,MYSTIC TRUMAN,Comedy,153
681,PIRATES ROXANNE,Sports,153
900,TOWN ARK,Foreign,153
935,VANISHED GARDEN,New,153
948,VOICE PEACH,New,153
795,SIEGE MADRE,Family,154
870,SWARM GOLD,Horror,154
967,WEEKEND PERSONAL,Sci-Fi,154
975,WILLOW TRACY,Family,154
988,WORKER TARZAN,Travel,154
58,BEACH HEARTBREAKERS,Documentary,155
73,BINGO TALENTED,Sci-Fi,155
74,BIRCH ANTITRUST,Music,155
75,BIRD INDEPENDENCE,Travel,155
88,BORN SPINAL,Travel,155
569,MENAGERIE RUSHMORE,Animation,156
605,MULHOLLAND BEAST,Foreign,156
692,POTLUCK MIXED,Animation,156
719,RECORDS ZORRO,Sports,156
721,REDS POCUS,Music,156
58,BEACH HEARTBREAKERS,Documentary,157
73,BINGO TALENTED,Sci-Fi,157
74,BIRCH ANTITRUST,Music,157
75,BIRD INDEPENDENCE,Travel,157
88,BORN SPINAL,Travel,157
58,BEACH HEARTBREAKERS,Documentary,158
73,BINGO TALENTED,Sci-Fi,158
74,BIRCH ANTITRUST,Music,158
75,BIRD INDEPENDENCE,Travel,158
88,BORN SPINAL,Travel,158
58,BEACH HEARTBREAKERS,Documentary,159
73,BINGO TALENTED,Sci-Fi,159
74,BIRCH ANTITRUST,Music,159
75,BIRD INDEPENDENCE,Travel,159
88,BORN SPINAL,Travel,159
213,DATE SPEED,Family,160
281,ENCINO ELF,Games,160
299,FACTORY DRAGON,Travel,160
352,GATHERING CALENDAR,Games,160
359,GLADIATOR WESTWARD,Family,160
551,MAIDEN HOME,New,161
578,MILLION ACE,Classics,161
638,OPERATION OPERATION,Comedy,161
707,QUEST MUSSOLINI,Action,161
720,REDEMPTION COMFORTS,New,161
569,MENAGERIE RUSHMORE,Animation,162
605,MULHOLLAND BEAST,Foreign,162
692,POTLUCK MIXED,Animation,162
719,RECORDS ZORRO,Sports,162
721,REDS POCUS,Music,162
7,AIRPLANE SIERRA,Comedy,163
8,AIRPORT POLLOCK,Horror,163
9,ALABAMA DEVIL,Horror,163
10,ALADDIN CALENDAR,Sports,163
13,ALI FOREVER,Horror,163
241,DONNIE ALLEY,Animation,164
281,ENCINO ELF,Games,164
301,FAMILY SWEET,Horror,164
344,FURY MURDER,Children,164
349,GANGS PRIDE,Animation,164
795,SIEGE MADRE,Family,165
870,SWARM GOLD,Horror,165
967,WEEKEND PERSONAL,Sci-Fi,165
975,WILLOW TRACY,Family,165
988,WORKER TARZAN,Travel,165
613,MYSTIC TRUMAN,Comedy,166
681,PIRATES ROXANNE,Sports,166
900,TOWN ARK,Foreign,166
935,VANISHED GARDEN,New,166
948,VOICE PEACH,New,166
569,MENAGERIE RUSHMORE,Animation,167
605,MULHOLLAND BEAST,Foreign,167
692,POTLUCK MIXED,Animation,167
719,RECORDS ZORRO,Sports,167
721,REDS POCUS,Music,167
567,MEET CHOCOLATE,Foreign,168
854,STRANGERS GRAFFITI,Horror,168
933,VAMPIRE WHALE,New,168
950,VOLUME HOUSE,Classics,168
967,WEEKEND PERSONAL,Sci-Fi,168
241,DONNIE ALLEY,Animation,169
281,ENCINO ELF,Games,169
301,FAMILY SWEET,Horror,169
344,FURY MURDER,Children,169
349,GANGS PRIDE,Animation,169
795,SIEGE MADRE,Family,170
870,SWARM GOLD,Horror,170
967,WEEKEND PERSONAL,Sci-Fi,170
975,WILLOW TRACY,Family,170
988,WORKER TARZAN,Travel,170
7,AIRPLANE SIERRA,Comedy,171
8,AIRPORT POLLOCK,Horror,171
9,ALABAMA DEVIL,Horror,171
10,ALADDIN CALENDAR,Sports,171
13,ALI FOREVER,Horror,171
58,BEACH HEARTBREAKERS,Documentary,172
73,BINGO TALENTED,Sci-Fi,172
74,BIRCH ANTITRUST,Music,172
75,BIRD INDEPENDENCE,Travel,172
88,BORN SPINAL,Travel,172
213,DATE SPEED,Family,173
281,ENCINO ELF,Games,173
299,FACTORY DRAGON,Travel,173
352,GATHERING CALENDAR,Games,173
359,GLADIATOR WESTWARD,Family,173
569,MENAGERIE RUSHMORE,Animation,174
605,MULHOLLAND BEAST,Foreign,174
692,POTLUCK MIXED,Animation,174
719,RECORDS ZORRO,Sports,174
721,REDS POCUS,Music,174
551,MAIDEN HOME,New,175
578,MILLION ACE,Classics,175
638,OPERATION OPERATION,Comedy,175
707,QUEST MUSSOLINI,Action,175
720,REDEMPTION COMFORTS,New,175
58,BEACH HEARTBREAKERS,Documentary,176
73,BINGO TALENTED,Sci-Fi,176
74,BIRCH ANTITRUST,Music,176
75,BIRD INDEPENDENCE,Travel,176
88,BORN SPINAL,Travel,176
308,FERRIS MOTHER,Comedy,177
332,FRANKENSTEIN STRANGER,Comedy,177
345,GABLES METROPOLIS,Family,177
358,GILMORE BOILED,Classics,177
380,GREEK EVERYONE,Foreign,177
58,BEACH HEARTBREAKERS,Documentary,178
73,BINGO TALENTED,Sci-Fi,178
74,BIRCH ANTITRUST,Music,178
75,BIRD INDEPENDENCE,Travel,178
88,BORN SPINAL,Travel,178
795,SIEGE MADRE,Family,179
870,SWARM GOLD,Horror,179
967,WEEKEND PERSONAL,Sci-Fi,179
975,WILLOW TRACY,Family,179
988,WORKER TARZAN,Travel,179
213,DATE SPEED,Family,180
281,ENCINO ELF,Games,180
299,FACTORY DRAGON,Travel,180
352,GATHERING CALENDAR,Games,180
359,GLADIATOR WESTWARD,Family,180
613,MYSTIC TRUMAN,Comedy,181
681,PIRATES ROXANNE,Sports,181
900,TOWN ARK,Foreign,181
935,VANISHED GARDEN,New,181
948,VOICE PEACH,New,181
795,SIEGE MADRE,Family,182
870,SWARM GOLD,Horror,182
967,WEEKEND PERSONAL,Sci-Fi,182
975,WILLOW TRACY,Family,182
988,WORKER TARZAN,Travel,182
795,SIEGE MADRE,Family,183
870,SWARM GOLD,Horror,183
967,WEEKEND PERSONAL,Sci-Fi,183
975,WILLOW TRACY,Family,183
988,WORKER TARZAN,Travel,183
58,BEACH HEARTBREAKERS,Documentary,184
73,BINGO TALENTED,Sci-Fi,184
74,BIRCH ANTITRUST,Music,184
75,BIRD INDEPENDENCE,Travel,184
88,BORN SPINAL,Travel,184
613,MYSTIC TRUMAN,Comedy,185
681,PIRATES ROXANNE,Sports,185
900,TOWN ARK,Foreign,185
935,VANISHED GARDEN,New,185
948,VOICE PEACH,New,185
613,MYSTIC TRUMAN,Comedy,186
681,PIRATES ROXANNE,Sports,186
900,TOWN ARK,Foreign,186
935,VANISHED GARDEN,New,186
948,VOICE PEACH,New,186
613,MYSTIC TRUMAN,Comedy,187
681,PIRATES ROXANNE,Sports,187
900,TOWN ARK,Foreign,187
935,VANISHED GARDEN,New,187
948,VOICE PEACH,New,187
308,FERRIS MOTHER,Comedy,188
332,FRANKENSTEIN STRANGER,Comedy,188
345,GABLES METROPOLIS,Family,188
358,GILMORE BOILED,Classics,188
380,GREEK EVERYONE,Foreign,188
795,SIEGE MADRE,Family,189
870,SWARM GOLD,Horror,189
967,WEEKEND PERSONAL,Sci-Fi,189
975,WILLOW TRACY,Family,189
988,WORKER TARZAN,Travel,189
241,DONNIE ALLEY,Animation,190
281,ENCINO ELF,Games,190
301,FAMILY SWEET,Horror,190
344,FURY MURDER,Children,190
349,GANGS PRIDE,Animation,190
795,SIEGE MADRE,Family,191
870,SWARM GOLD,Horror,191
967,WEEKEND PERSONAL,Sci-Fi,191
975,WILLOW TRACY,Family,191
988,WORKER TARZAN,Travel,191
308,FERRIS MOTHER,Comedy,192
332,FRANKENSTEIN STRANGER,Comedy,192
345,GABLES METROPOLIS,Family,192
358,GILMORE BOILED,Classics,192
380,GREEK EVERYONE,Foreign,192
58,BEACH HEARTBREAKERS,Documentary,193
73,BINGO TALENTED,Sci-Fi,193
74,BIRCH ANTITRUST,Music,193
75,BIRD INDEPENDENCE,Travel,193
88,BORN SPINAL,Travel,193
58,BEACH HEARTBREAKERS,Documentary,194
73,BINGO TALENTED,Sci-Fi,194
74,BIRCH ANTITRUST,Music,194
75,BIRD INDEPENDENCE,Travel,194
88,BORN SPINAL,Travel,194
241,DONNIE ALLEY,Animation,195
281,ENCINO ELF,Games,195
301,FAMILY SWEET,Horror,195
344,FURY MURDER,Children,195
349,GANGS PRIDE,Animation,195
58,BEACH HEARTBREAKERS,Documentary,196
73,BINGO TALENTED,Sci-Fi,196
74,BIRCH ANTITRUST,Music,196
75,BIRD INDEPENDENCE,Travel,196
88,BORN SPINAL,Travel,196
308,FERRIS MOTHER,Comedy,197
332,FRANKENSTEIN STRANGER,Comedy,197
345,GABLES METROPOLIS,Family,197
358,GILMORE BOILED,Classics,197
380,GREEK EVERYONE,Foreign,197
7,AIRPLANE SIERRA,Comedy,198
8,AIRPORT POLLOCK,Horror,198
9,ALABAMA DEVIL,Horror,198
10,ALADDIN CALENDAR,Sports,198
13,ALI FOREVER,Horror,198
551,MAIDEN HOME,New,199
578,MILLION ACE,Classics,199
638,OPERATION OPERATION,Comedy,199
707,QUEST MUSSOLINI,Action,199
720,REDEMPTION COMFORTS,New,199
213,DATE SPEED,Family,200
281,ENCINO ELF,Games,200
299,FACTORY DRAGON,Travel,200
352,GATHERING CALENDAR,Games,200
359,GLADIATOR WESTWARD,Family,200
58,BEACH HEARTBREAKERS,Documentary,201
73,BINGO TALENTED,Sci-Fi,201
74,BIRCH ANTITRUST,Music,201
75,BIRD INDEPENDENCE,Travel,201
88,BORN SPINAL,Travel,201
58,BEACH HEARTBREAKERS,Documentary,202
73,BINGO TALENTED,Sci-Fi,202
74,BIRCH ANTITRUST,Music,202
75,BIRD INDEPENDENCE,Travel,202
88,BORN SPINAL,Travel,202
613,MYSTIC TRUMAN,Comedy,203
681,PIRATES ROXANNE,Sports,203
900,TOWN ARK,Foreign,203
935,VANISHED GARDEN,New,203
948,VOICE PEACH,New,203
551,MAIDEN HOME,New,204
578,MILLION ACE,Classics,204
638,OPERATION OPERATION,Comedy,204
707,QUEST MUSSOLINI,Action,204
720,REDEMPTION COMFORTS,New,204
795,SIEGE MADRE,Family,205
870,SWARM GOLD,Horror,205
967,WEEKEND PERSONAL,Sci-Fi,205
975,WILLOW TRACY,Family,205
988,WORKER TARZAN,Travel,205
58,BEACH HEARTBREAKERS,Documentary,206
73,BINGO TALENTED,Sci-Fi,206
74,BIRCH ANTITRUST,Music,206
75,BIRD INDEPENDENCE,Travel,206
88,BORN SPINAL,Travel,206
551,MAIDEN HOME,New,207
578,MILLION ACE,Classics,207
638,OPERATION OPERATION,Comedy,207
707,QUEST MUSSOLINI,Action,207
720,REDEMPTION COMFORTS,New,207
241,DONNIE ALLEY,Animation,208
281,ENCINO ELF,Games,208
301,FAMILY SWEET,Horror,208
344,FURY MURDER,Children,208
349,GANGS PRIDE,Animation,208
569,MENAGERIE RUSHMORE,Animation,209
605,MULHOLLAND BEAST,Foreign,209
692,POTLUCK MIXED,Animation,209
719,RECORDS ZORRO,Sports,209
721,REDS POCUS,Music,209
551,MAIDEN HOME,New,210
578,MILLION ACE,Classics,210
638,OPERATION OPERATION,Comedy,210
707,QUEST MUSSOLINI,Action,210
720,REDEMPTION COMFORTS,New,210
613,MYSTIC TRUMAN,Comedy,211
681,PIRATES ROXANNE,Sports,211
900,TOWN ARK,Foreign,211
935,VANISHED GARDEN,New,211
948,VOICE PEACH,New,211
795,SIEGE MADRE,Family,212
870,SWARM GOLD,Horror,212
967,WEEKEND PERSONAL,Sci-Fi,212
975,WILLOW TRACY,Family,212
988,WORKER TARZAN,Travel,212
213,DATE SPEED,Family,213
281,ENCINO ELF,Games,213
299,FACTORY DRAGON,Travel,213
352,GATHERING CALENDAR,Games,213
359,GLADIATOR WESTWARD,Family,213
567,MEET CHOCOLATE,Foreign,214
854,STRANGERS GRAFFITI,Horror,214
933,VAMPIRE WHALE,New,214
950,VOLUME HOUSE,Classics,214
967,WEEKEND PERSONAL,Sci-Fi,214
567,MEET CHOCOLATE,Foreign,215
854,STRANGERS GRAFFITI,Horror,215
933,VAMPIRE WHALE,New,215
950,VOLUME HOUSE,Classics,215
967,WEEKEND PERSONAL,Sci-Fi,215
241,DONNIE ALLEY,Animation,216
281,ENCINO ELF,Games,216
301,FAMILY SWEET,Horror,216
344,FURY MURDER,Children,216
349,GANGS PRIDE,Animation,216
795,SIEGE MADRE,Family,217
870,SWARM GOLD,Horror,217
967,WEEKEND PERSONAL,Sci-Fi,217
975,WILLOW TRACY,Family,217
988,WORKER TARZAN,Travel,217
308,FERRIS MOTHER,Comedy,218
332,FRANKENSTEIN STRANGER,Comedy,218
345,GABLES METROPOLIS,Family,218
358,GILMORE BOILED,Classics,218
380,GREEK EVERYONE,Foreign,218
795,SIEGE MADRE,Family,219
870,SWARM GOLD,Horror,219
967,WEEKEND PERSONAL,Sci-Fi,219
975,WILLOW TRACY,Family,219
988,WORKER TARZAN,Travel,219
551,MAIDEN HOME,New,220
578,MILLION ACE,Classics,220
638,OPERATION OPERATION,Comedy,220
707,QUEST MUSSOLINI,Action,220
720,REDEMPTION COMFORTS,New,220
308,FERRIS MOTHER,Comedy,221
332,FRANKENSTEIN STRANGER,Comedy,221
345,GABLES METROPOLIS,Family,221
358,GILMORE BOILED,Classics,221
380,GREEK EVERYONE,Foreign,221
613,MYSTIC TRUMAN,Comedy,222
681,PIRATES ROXANNE,Sports,222
900,TOWN ARK,Foreign,222
935,VANISHED GARDEN,New,222
948,VOICE PEACH,New,222
795,SIEGE MADRE,Family,223
870,SWARM GOLD,Horror,223
967,WEEKEND PERSONAL,Sci-Fi,223
975,WILLOW TRACY,Family,223
988,WORKER TARZAN,Travel,223
7,AIRPLANE SIERRA,Comedy,224
8,AIRPORT POLLOCK,Horror,224
9,ALABAMA DEVIL,Horror,224
10,ALADDIN CALENDAR,Sports,224
13,ALI FOREVER,Horror,224
795,SIEGE MADRE,Family,225
870,SWARM GOLD,Horror,225
967,WEEKEND PERSONAL,Sci-Fi,225
975,WILLOW TRACY,Family,225
988,WORKER TARZAN,Travel,225
58,BEACH HEARTBREAKERS,Documentary,226
73,BINGO TALENTED,Sci-Fi,226
74,BIRCH ANTITRUST,Music,226
75,BIRD INDEPENDENCE,Travel,226
88,BORN SPINAL,Travel,226
58,BEACH HEARTBREAKERS,Documentary,227
73,BINGO TALENTED,Sci-Fi,227
74,BIRCH ANTITRUST,Music,227
75,BIRD INDEPENDENCE,Travel,227
88,BORN SPINAL,Travel,227
7,AIRPLANE SIERRA,Comedy,228
8,AIRPORT POLLOCK,Horror,228
9,ALABAMA DEVIL,Horror,228
10,ALADDIN CALENDAR,Sports,228
13,ALI FOREVER,Horror,228
551,MAIDEN HOME,New,229
578,MILLION ACE,Classics,229
638,OPERATION OPERATION,Comedy,229
707,QUEST MUSSOLINI,Action,229
720,REDEMPTION COMFORTS,New,229
795,SIEGE MADRE,Family,230
870,SWARM GOLD,Horror,230
967,WEEKEND PERSONAL,Sci-Fi,230
975,WILLOW TRACY,Family,230
988,WORKER TARZAN,Travel,230
7,AIRPLANE SIERRA,Comedy,231
8,AIRPORT POLLOCK,Horror,231
9,ALABAMA DEVIL,Horror,231
10,ALADDIN CALENDAR,Sports,231
13,ALI FOREVER,Horror,231
58,BEACH HEARTBREAKERS,Documentary,232
73,BINGO TALENTED,Sci-Fi,232
74,BIRCH ANTITRUST,Music,232
75,BIRD INDEPENDENCE,Travel,232
88,BORN SPINAL,Travel,232
308,FERRIS MOTHER,Comedy,233
332,FRANKENSTEIN STRANGER,Comedy,233
345,GABLES METROPOLIS,Family,233
358,GILMORE BOILED,Classics,233
380,GREEK EVERYONE,Foreign,233
613,MYSTIC TRUMAN,Comedy,234
681,PIRATES ROXANNE,Sports,234
900,TOWN ARK,Foreign,234
935,VANISHED GARDEN,New,234
948,VOICE PEACH,New,234
58,BEACH HEARTBREAKERS,Documentary,235
73,BINGO TALENTED,Sci-Fi,235
74,BIRCH ANTITRUST,Music,235
75,BIRD INDEPENDENCE,Travel,235
88,BORN SPINAL,Travel,235
58,BEACH HEARTBREAKERS,Documentary,236
73,BINGO TALENTED,Sci-Fi,236
74,BIRCH ANTITRUST,Music,236
75,BIRD INDEPENDENCE,Travel,236
88,BORN SPINAL,Travel,236
613,MYSTIC TRUMAN,Comedy,237
681,PIRATES ROXANNE,Sports,237
900,TOWN ARK,Foreign,237
935,VANISHED GARDEN,New,237
948,VOICE PEACH,New,237
551,MAIDEN HOME,New,238
578,MILLION ACE,Classics,238
638,OPERATION OPERATION,Comedy,238
707,QUEST MUSSOLINI,Action,238
720,REDEMPTION COMFORTS,New,238
58,BEACH HEARTBREAKERS,Documentary,239
73,BINGO TALENTED,Sci-Fi,239
74,BIRCH ANTITRUST,Music,239
75,BIRD INDEPENDENCE,Travel,239
88,BORN SPINAL,Travel,239
551,MAIDEN HOME,New,240
578,MILLION ACE,Classics,240
638,OPERATION OPERATION,Comedy,240
707,QUEST MUSSOLINI,Action,240
720,REDEMPTION COMFORTS,New,240
551,MAIDEN HOME,New,241
578,MILLION ACE,Classics,241
638,OPERATION OPERATION,Comedy,241
707,QUEST MUSSOLINI,Action,241
720,REDEMPTION COMFORTS,New,241
551,MAIDEN HOME,New,242
578,MILLION ACE,Classics,242
638,OPERATION OPERATION,Comedy,242
707,QUEST MUSSOLINI,Action,242
720,REDEMPTION COMFORTS,New,242
7,AIRPLANE SIERRA,Comedy,243
8,AIRPORT POLLOCK,Horror,243
9,ALABAMA DEVIL,Horror,243
10,ALADDIN CALENDAR,Sports,243
13,ALI FOREVER,Horror,243
308,FERRIS MOTHER,Comedy,244
332,FRANKENSTEIN STRANGER,Comedy,244
345,GABLES METROPOLIS,Family,244
358,GILMORE BOILED,Classics,244
380,GREEK EVERYONE,Foreign,244
58,BEACH HEARTBREAKERS,Documentary,245
73,BINGO TALENTED,Sci-Fi,245
74,BIRCH ANTITRUST,Music,245
75,BIRD INDEPENDENCE,Travel,245
88,BORN SPINAL,Travel,245
795,SIEGE MADRE,Family,246
870,SWARM GOLD,Horror,246
967,WEEKEND PERSONAL,Sci-Fi,246
975,WILLOW TRACY,Family,246
988,WORKER TARZAN,Travel,246
795,SIEGE MADRE,Family,247
870,SWARM GOLD,Horror,247
967,WEEKEND PERSONAL,Sci-Fi,247
975,WILLOW TRACY,Family,247
988,WORKER TARZAN,Travel,247
795,SIEGE MADRE,Family,248
870,SWARM GOLD,Horror,248
967,WEEKEND PERSONAL,Sci-Fi,248
975,WILLOW TRACY,Family,248
988,WORKER TARZAN,Travel,248
7,AIRPLANE SIERRA,Comedy,249
8,AIRPORT POLLOCK,Horror,249
9,ALABAMA DEVIL,Horror,249
10,ALADDIN CALENDAR,Sports,249
13,ALI FOREVER,Horror,249
795,SIEGE MADRE,Family,250
870,SWARM GOLD,Horror,250
967,WEEKEND PERSONAL,Sci-Fi,250
975,WILLOW TRACY,Family,250
988,WORKER TARZAN,Travel,250
58,BEACH HEARTBREAKERS,Documentary,251
73,BINGO TALENTED,Sci-Fi,251
74,BIRCH ANTITRUST,Music,251
75,BIRD INDEPENDENCE,Travel,251
88,BORN SPINAL,Travel,251
241,DONNIE ALLEY,Animation,252
281,ENCINO ELF,Games,252
301,FAMILY SWEET,Horror,252
344,FURY MURDER,Children,252
349,GANGS PRIDE,Animation,252
58,BEACH HEARTBREAKERS,Documentary,253
73,BINGO TALENTED,Sci-Fi,253
74,BIRCH ANTITRUST,Music,253
75,BIRD INDEPENDENCE,Travel,253
88,BORN SPINAL,Travel,253
795,SIEGE MADRE,Family,254
870,SWARM GOLD,Horror,254
967,WEEKEND PERSONAL,Sci-Fi,254
975,WILLOW TRACY,Family,254
988,WORKER TARZAN,Travel,254
58,BEACH HEARTBREAKERS,Documentary,255
73,BINGO TALENTED,Sci-Fi,255
74,BIRCH ANTITRUST,Music,255
75,BIRD INDEPENDENCE,Travel,255
88,BORN SPINAL,Travel,255
308,FERRIS MOTHER,Comedy,256
332,FRANKENSTEIN STRANGER,Comedy,256
345,GABLES METROPOLIS,Family,256
358,GILMORE BOILED,Classics,256
380,GREEK EVERYONE,Foreign,256
213,DATE SPEED,Family,257
281,ENCINO ELF,Games,257
299,FACTORY DRAGON,Travel,257
352,GATHERING CALENDAR,Games,257
359,GLADIATOR WESTWARD,Family,257
551,MAIDEN HOME,New,258
578,MILLION ACE,Classics,258
638,OPERATION OPERATION,Comedy,258
707,QUEST MUSSOLINI,Action,258
720,REDEMPTION COMFORTS,New,258
613,MYSTIC TRUMAN,Comedy,259
681,PIRATES ROXANNE,Sports,259
900,TOWN ARK,Foreign,259
935,VANISHED GARDEN,New,259
948,VOICE PEACH,New,259
58,BEACH HEARTBREAKERS,Documentary,260
73,BINGO TALENTED,Sci-Fi,260
74,BIRCH ANTITRUST,Music,260
75,BIRD INDEPENDENCE,Travel,260
88,BORN SPINAL,Travel,260
308,FERRIS MOTHER,Comedy,261
332,FRANKENSTEIN STRANGER,Comedy,261
345,GABLES METROPOLIS,Family,261
358,GILMORE BOILED,Classics,261
380,GREEK EVERYONE,Foreign,261
569,MENAGERIE RUSHMORE,Animation,262
605,MULHOLLAND BEAST,Foreign,262
692,POTLUCK MIXED,Animation,262
719,RECORDS ZORRO,Sports,262
721,REDS POCUS,Music,262
795,SIEGE MADRE,Family,263
870,SWARM GOLD,Horror,263
967,WEEKEND PERSONAL,Sci-Fi,263
975,WILLOW TRACY,Family,263
988,WORKER TARZAN,Travel,263
58,BEACH HEARTBREAKERS,Documentary,264
73,BINGO TALENTED,Sci-Fi,264
74,BIRCH ANTITRUST,Music,264
75,BIRD INDEPENDENCE,Travel,264
88,BORN SPINAL,Travel,264
308,FERRIS MOTHER,Comedy,265
332,FRANKENSTEIN STRANGER,Comedy,265
345,GABLES METROPOLIS,Family,265
358,GILMORE BOILED,Classics,265
380,GREEK EVERYONE,Foreign,265
613,MYSTIC TRUMAN,Comedy,266
681,PIRATES ROXANNE,Sports,266
900,TOWN ARK,Foreign,266
935,VANISHED GARDEN,New,266
948,VOICE PEACH,New,266
551,MAIDEN HOME,New,267
578,MILLION ACE,Classics,267
638,OPERATION OPERATION,Comedy,267
707,QUEST MUSSOLINI,Action,267
720,REDEMPTION COMFORTS,New,267
241,DONNIE ALLEY,Animation,268
281,ENCINO ELF,Games,268
301,FAMILY SWEET,Horror,268
344,FURY MURDER,Children,268
349,GANGS PRIDE,Animation,268
58,BEACH HEARTBREAKERS,Documentary,269
73,BINGO TALENTED,Sci-Fi,269
74,BIRCH ANTITRUST,Music,269
75,BIRD INDEPENDENCE,Travel,269
88,BORN SPINAL,Travel,269
230,DIARY PANIC,Drama,270
308,FERRIS MOTHER,Comedy,270
324,FLINTSTONES HAPPINESS,Comedy,270
359,GLADIATOR WESTWARD,Family,270
380,GREEK EVERYONE,Foreign,270
213,DATE SPEED,Family,271
281,ENCINO ELF,Games,271
299,FACTORY DRAGON,Travel,271
352,GATHERING CALENDAR,Games,271
359,GLADIATOR WESTWARD,Family,271
551,MAIDEN HOME,New,272
578,MILLION ACE,Classics,272
638,OPERATION OPERATION,Comedy,272
707,QUEST MUSSOLINI,Action,272
720,REDEMPTION COMFORTS,New,272
795,SIEGE MADRE,Family,273
870,SWARM GOLD,Horror,273
967,WEEKEND PERSONAL,Sci-Fi,273
975,WILLOW TRACY,Family,273
988,WORKER TARZAN,Travel,273
551,MAIDEN HOME,New,274
578,MILLION ACE,Classics,274
638,OPERATION OPERATION,Comedy,274
707,QUEST MUSSOLINI,Action,274
720,REDEMPTION COMFORTS,New,274
213,DATE SPEED,Family,275
281,ENCINO ELF,Games,275
299,FACTORY DRAGON,Travel,275
352,GATHERING CALENDAR,Games,275
359,GLADIATOR WESTWARD,Family,275
308,FERRIS MOTHER,Comedy,276
332,FRANKENSTEIN STRANGER,Comedy,276
345,GABLES METROPOLIS,Family,276
358,GILMORE BOILED,Classics,276
380,GREEK EVERYONE,Foreign,276
308,FERRIS MOTHER,Comedy,277
332,FRANKENSTEIN STRANGER,Comedy,277
345,GABLES METROPOLIS,Family,277
358,GILMORE BOILED,Classics,277
380,GREEK EVERYONE,Foreign,277
308,FERRIS MOTHER,Comedy,278
332,FRANKENSTEIN STRANGER,Comedy,278
345,GABLES METROPOLIS,Family,278
358,GILMORE BOILED,Classics,278
380,GREEK EVERYONE,Foreign,278
308,FERRIS MOTHER,Comedy,279
332,FRANKENSTEIN STRANGER,Comedy,279
345,GABLES METROPOLIS,Family,279
358,GILMORE BOILED,Classics,279
380,GREEK EVERYONE,Foreign,279
795,SIEGE MADRE,Family,280
870,SWARM GOLD,Horror,280
967,WEEKEND PERSONAL,Sci-Fi,280
975,WILLOW TRACY,Family,280
988,WORKER TARZAN,Travel,280
58,BEACH HEARTBREAKERS,Documentary,281
73,BINGO TALENTED,Sci-Fi,281
74,BIRCH ANTITRUST,Music,281
75,BIRD INDEPENDENCE,Travel,281
88,BORN SPINAL,Travel,281
569,MENAGERIE RUSHMORE,Animation,282
605,MULHOLLAND BEAST,Foreign,282
692,POTLUCK MIXED,Animation,282
719,RECORDS ZORRO,Sports,282
721,REDS POCUS,Music,282
58,BEACH HEARTBREAKERS,Documentary,283
73,BINGO TALENTED,Sci-Fi,283
74,BIRCH ANTITRUST,Music,283
75,BIRD INDEPENDENCE,Travel,283
88,BORN SPINAL,Travel,283
569,MENAGERIE RUSHMORE,Animation,284
605,MULHOLLAND BEAST,Foreign,284
692,POTLUCK MIXED,Animation,284
719,RECORDS ZORRO,Sports,284
721,REDS POCUS,Music,284
795,SIEGE MADRE,Family,285
870,SWARM GOLD,Horror,285
967,WEEKEND PERSONAL,Sci-Fi,285
975,WILLOW TRACY,Family,285
988,WORKER TARZAN,Travel,285
795,SIEGE MADRE,Family,286
870,SWARM GOLD,Horror,286
967,WEEKEND PERSONAL,Sci-Fi,286
975,WILLOW TRACY,Family,286
988,WORKER TARZAN,Travel,286
58,BEACH HEARTBREAKERS,Documentary,287
73,BINGO TALENTED,Sci-Fi,287
74,BIRCH ANTITRUST,Music,287
75,BIRD INDEPENDENCE,Travel,287
88,BORN SPINAL,Travel,287
569,MENAGERIE RUSHMORE,Animation,288
605,MULHOLLAND BEAST,Foreign,288
692,POTLUCK MIXED,Animation,288
719,RECORDS ZORRO,Sports,288
721,REDS POCUS,Music,288
7,AIRPLANE SIERRA,Comedy,289
8,AIRPORT POLLOCK,Horror,289
9,ALABAMA DEVIL,Horror,289
10,ALADDIN CALENDAR,Sports,289
13,ALI FOREVER,Horror,289
308,FERRIS MOTHER,Comedy,290
332,FRANKENSTEIN STRANGER,Comedy,290
345,GABLES METROPOLIS,Family,290
358,GILMORE BOILED,Classics,290
380,GREEK EVERYONE,Foreign,290
795,SIEGE MADRE,Family,291
870,SWARM GOLD,Horror,291
967,WEEKEND PERSONAL,Sci-Fi,291
975,WILLOW TRACY,Family,291
988,WORKER TARZAN,Travel,291
613,MYSTIC TRUMAN,Comedy,292
681,PIRATES ROXANNE,Sports,292
900,TOWN ARK,Foreign,292
935,VANISHED GARDEN,New,292
948,VOICE PEACH,New,292
308,FERRIS MOTHER,Comedy,293
332,FRANKENSTEIN STRANGER,Comedy,293
345,GABLES METROPOLIS,Family,293
358,GILMORE BOILED,Classics,293
380,GREEK EVERYONE,Foreign,293
58,BEACH HEARTBREAKERS,Documentary,294
73,BINGO TALENTED,Sci-Fi,294
74,BIRCH ANTITRUST,Music,294
75,BIRD INDEPENDENCE,Travel,294
88,BORN SPINAL,Travel,294
551,MAIDEN HOME,New,295
578,MILLION ACE,Classics,295
638,OPERATION OPERATION,Comedy,295
707,QUEST MUSSOLINI,Action,295
720,REDEMPTION COMFORTS,New,295
551,MAIDEN HOME,New,296
578,MILLION ACE,Classics,296
638,OPERATION OPERATION,Comedy,296
707,QUEST MUSSOLINI,Action,296
720,REDEMPTION COMFORTS,New,296
795,SIEGE MADRE,Family,297
870,SWARM GOLD,Horror,297
967,WEEKEND PERSONAL,Sci-Fi,297
975,WILLOW TRACY,Family,297
988,WORKER TARZAN,Travel,297
569,MENAGERIE RUSHMORE,Animation,298
605,MULHOLLAND BEAST,Foreign,298
692,POTLUCK MIXED,Animation,298
719,RECORDS ZORRO,Sports,298
721,REDS POCUS,Music,298
241,DONNIE ALLEY,Animation,299
281,ENCINO ELF,Games,299
301,FAMILY SWEET,Horror,299
344,FURY MURDER,Children,299
349,GANGS PRIDE,Animation,299
569,MENAGERIE RUSHMORE,Animation,300
605,MULHOLLAND BEAST,Foreign,300
692,POTLUCK MIXED,Animation,300
719,RECORDS ZORRO,Sports,300
721,REDS POCUS,Music,300
795,SIEGE MADRE,Family,301
870,SWARM GOLD,Horror,301
967,WEEKEND PERSONAL,Sci-Fi,301
975,WILLOW TRACY,Family,301
988,WORKER TARZAN,Travel,301
58,BEACH HEARTBREAKERS,Documentary,302
73,BINGO TALENTED,Sci-Fi,302
74,BIRCH ANTITRUST,Music,302
75,BIRD INDEPENDENCE,Travel,302
88,BORN SPINAL,Travel,302
551,MAIDEN HOME,New,303
578,MILLION ACE,Classics,303
638,OPERATION OPERATION,Comedy,303
707,QUEST MUSSOLINI,Action,303
720,REDEMPTION COMFORTS,New,303
795,SIEGE MADRE,Family,304
870,SWARM GOLD,Horror,304
967,WEEKEND PERSONAL,Sci-Fi,304
975,WILLOW TRACY,Family,304
988,WORKER TARZAN,Travel,304
241,DONNIE ALLEY,Animation,305
281,ENCINO ELF,Games,305
301,FAMILY SWEET,Horror,305
344,FURY MURDER,Children,305
349,GANGS PRIDE,Animation,305
308,FERRIS MOTHER,Comedy,306
332,FRANKENSTEIN STRANGER,Comedy,306
345,GABLES METROPOLIS,Family,306
358,GILMORE BOILED,Classics,306
380,GREEK EVERYONE,Foreign,306
58,BEACH HEARTBREAKERS,Documentary,307
73,BINGO TALENTED,Sci-Fi,307
74,BIRCH ANTITRUST,Music,307
75,BIRD INDEPENDENCE,Travel,307
88,BORN SPINAL,Travel,307
58,BEACH HEARTBREAKERS,Documentary,308
73,BINGO TALENTED,Sci-Fi,308
74,BIRCH ANTITRUST,Music,308
75,BIRD INDEPENDENCE,Travel,308
88,BORN SPINAL,Travel,308
230,DIARY PANIC,Drama,309
308,FERRIS MOTHER,Comedy,309
324,FLINTSTONES HAPPINESS,Comedy,309
359,GLADIATOR WESTWARD,Family,309
380,GREEK EVERYONE,Foreign,309
308,FERRIS MOTHER,Comedy,310
332,FRANKENSTEIN STRANGER,Comedy,310
345,GABLES METROPOLIS,Family,310
358,GILMORE BOILED,Classics,310
380,GREEK EVERYONE,Foreign,310
308,FERRIS MOTHER,Comedy,311
332,FRANKENSTEIN STRANGER,Comedy,311
345,GABLES METROPOLIS,Family,311
358,GILMORE BOILED,Classics,311
380,GREEK EVERYONE,Foreign,311
569,MENAGERIE RUSHMORE,Animation,312
605,MULHOLLAND BEAST,Foreign,312
692,POTLUCK MIXED,Animation,312
719,RECORDS ZORRO,Sports,312
721,REDS POCUS,Music,312
58,BEACH HEARTBREAKERS,Documentary,313
73,BINGO TALENTED,Sci-Fi,313
74,BIRCH ANTITRUST,Music,313
75,BIRD INDEPENDENCE,Travel,313
88,BORN SPINAL,Travel,313
569,MENAGERIE RUSHMORE,Animation,314
605,MULHOLLAND BEAST,Foreign,314
692,POTLUCK MIXED,Animation,314
719,RECORDS ZORRO,Sports,314
721,REDS POCUS,Music,314
308,FERRIS MOTHER,Comedy,315
332,FRANKENSTEIN STRANGER,Comedy,315
345,GABLES METROPOLIS,Family,315
358,GILMORE BOILED,Classics,315
380,GREEK EVERYONE,Foreign,315
795,SIEGE MADRE,Family,316
870,SWARM GOLD,Horror,316
967,WEEKEND PERSONAL,Sci-Fi,316
975,WILLOW TRACY,Family,316
988,WORKER TARZAN,Travel,316
58,BEACH HEARTBREAKERS,Documentary,317
73,BINGO TALENTED,Sci-Fi,317
74,BIRCH ANTITRUST,Music,317
75,BIRD INDEPENDENCE,Travel,317
88,BORN SPINAL,Travel,317
241,DONNIE ALLEY,Animation,318
281,ENCINO ELF,Games,318
301,FAMILY SWEET,Horror,318
344,FURY MURDER,Children,318
349,GANGS PRIDE,Animation,318
569,MENAGERIE RUSHMORE,Animation,319
605,MULHOLLAND BEAST,Foreign,319
692,POTLUCK MIXED,Animation,319
719,RECORDS ZORRO,Sports,319
721,REDS POCUS,Music,319
308,FERRIS MOTHER,Comedy,320
332,FRANKENSTEIN STRANGER,Comedy,320
345,GABLES METROPOLIS,Family,320
358,GILMORE BOILED,Classics,320
380,GREEK EVERYONE,Foreign,320
795,SIEGE MADRE,Family,321
870,SWARM GOLD,Horror,321
967,WEEKEND PERSONAL,Sci-Fi,321
975,WILLOW TRACY,Family,321
988,WORKER TARZAN,Travel,321
569,MENAGERIE RUSHMORE,Animation,322
605,MULHOLLAND BEAST,Foreign,322
692,POTLUCK MIXED,Animation,322
719,RECORDS ZORRO,Sports,322
721,REDS POCUS,Music,322
569,MENAGERIE RUSHMORE,Animation,323
605,MULHOLLAND BEAST,Foreign,323
692,POTLUCK MIXED,Animation,323
719,RECORDS ZORRO,Sports,323
721,REDS POCUS,Music,323
308,FERRIS MOTHER,Comedy,324
332,FRANKENSTEIN STRANGER,Comedy,324
345,GABLES METROPOLIS,Family,324
358,GILMORE BOILED,Classics,324
380,GREEK EVERYONE,Foreign,324
551,MAIDEN HOME,New,325
578,MILLION ACE,Classics,325
638,OPERATION OPERATION,Comedy,325
707,QUEST MUSSOLINI,Action,325
720,REDEMPTION COMFORTS,New,325
7,AIRPLANE SIERRA,Comedy,326
8,AIRPORT POLLOCK,Horror,326
9,ALABAMA DEVIL,Horror,326
10,ALADDIN CALENDAR,Sports,326
13,ALI FOREVER,Horror,326
569,MENAGERIE RUSHMORE,Animation,327
605,MULHOLLAND BEAST,Foreign,327
692,POTLUCK MIXED,Animation,327
719,RECORDS ZORRO,Sports,327
721,REDS POCUS,Music,327
213,DATE SPEED,Family,328
281,ENCINO ELF,Games,328
299,FACTORY DRAGON,Travel,328
352,GATHERING CALENDAR,Games,328
359,GLADIATOR WESTWARD,Family,328
58,BEACH HEARTBREAKERS,Documentary,329
73,BINGO TALENTED,Sci-Fi,329
74,BIRCH ANTITRUST,Music,329
75,BIRD INDEPENDENCE,Travel,329
88,BORN SPINAL,Travel,329
569,MENAGERIE RUSHMORE,Animation,330
605,MULHOLLAND BEAST,Foreign,330
692,POTLUCK MIXED,Animation,330
719,RECORDS ZORRO,Sports,330
721,REDS POCUS,Music,330
241,DONNIE ALLEY,Animation,331
281,ENCINO ELF,Games,331
301,FAMILY SWEET,Horror,331
344,FURY MURDER,Children,331
349,GANGS PRIDE,Animation,331
241,DONNIE ALLEY,Animation,332
281,ENCINO ELF,Games,332
301,FAMILY SWEET,Horror,332
344,FURY MURDER,Children,332
349,GANGS PRIDE,Animation,332
308,FERRIS MOTHER,Comedy,333
332,FRANKENSTEIN STRANGER,Comedy,333
345,GABLES METROPOLIS,Family,333
358,GILMORE BOILED,Classics,333
380,GREEK EVERYONE,Foreign,333
569,MENAGERIE RUSHMORE,Animation,334
605,MULHOLLAND BEAST,Foreign,334
692,POTLUCK MIXED,Animation,334
719,RECORDS ZORRO,Sports,334
721,REDS POCUS,Music,334
308,FERRIS MOTHER,Comedy,335
332,FRANKENSTEIN STRANGER,Comedy,335
345,GABLES METROPOLIS,Family,335
358,GILMORE BOILED,Classics,335
380,GREEK EVERYONE,Foreign,335
58,BEACH HEARTBREAKERS,Documentary,336
73,BINGO TALENTED,Sci-Fi,336
74,BIRCH ANTITRUST,Music,336
75,BIRD INDEPENDENCE,Travel,336
88,BORN SPINAL,Travel,336
308,FERRIS MOTHER,Comedy,337
332,FRANKENSTEIN STRANGER,Comedy,337
345,GABLES METROPOLIS,Family,337
358,GILMORE BOILED,Classics,337
380,GREEK EVERYONE,Foreign,337
58,BEACH HEARTBREAKERS,Documentary,338
73,BINGO TALENTED,Sci-Fi,338
74,BIRCH ANTITRUST,Music,338
75,BIRD INDEPENDENCE,Travel,338
88,BORN SPINAL,Travel,338
213,DATE SPEED,Family,339
281,ENCINO ELF,Games,339
299,FACTORY DRAGON,Travel,339
352,GATHERING CALENDAR,Games,339
359,GLADIATOR WESTWARD,Family,339
308,FERRIS MOTHER,Comedy,340
332,FRANKENSTEIN STRANGER,Comedy,340
345,GABLES METROPOLIS,Family,340
358,GILMORE BOILED,Classics,340
380,GREEK EVERYONE,Foreign,340
551,MAIDEN HOME,New,341
578,MILLION ACE,Classics,341
638,OPERATION OPERATION,Comedy,341
707,QUEST MUSSOLINI,Action,341
720,REDEMPTION COMFORTS,New,341
613,MYSTIC TRUMAN,Comedy,342
681,PIRATES ROXANNE,Sports,342
900,TOWN ARK,Foreign,342
935,VANISHED GARDEN,New,342
948,VOICE PEACH,New,342
213,DATE SPEED,Family,343
281,ENCINO ELF,Games,343
299,FACTORY DRAGON,Travel,343
352,GATHERING CALENDAR,Games,343
359,GLADIATOR WESTWARD,Family,343
551,MAIDEN HOME,New,344
578,MILLION ACE,Classics,344
638,OPERATION OPERATION,Comedy,344
707,QUEST MUSSOLINI,Action,344
720,REDEMPTION COMFORTS,New,344
308,FERRIS MOTHER,Comedy,345
332,FRANKENSTEIN STRANGER,Comedy,345
345,GABLES METROPOLIS,Family,345
358,GILMORE BOILED,Classics,345
380,GREEK EVERYONE,Foreign,345
795,SIEGE MADRE,Family,346
870,SWARM GOLD,Horror,346
967,WEEKEND PERSONAL,Sci-Fi,346
975,WILLOW TRACY,Family,346
988,WORKER TARZAN,Travel,346
613,MYSTIC TRUMAN,Comedy,347
681,PIRATES ROXANNE,Sports,347
900,TOWN ARK,Foreign,347
935,VANISHED GARDEN,New,347
948,VOICE PEACH,New,347
58,BEACH HEARTBREAKERS,Documentary,348
73,BINGO TALENTED,Sci-Fi,348
74,BIRCH ANTITRUST,Music,348
75,BIRD INDEPENDENCE,Travel,348
88,BORN SPINAL,Travel,348
567,MEET CHOCOLATE,Foreign,349
854,STRANGERS GRAFFITI,Horror,349
933,VAMPIRE WHALE,New,349
950,VOLUME HOUSE,Classics,349
967,WEEKEND PERSONAL,Sci-Fi,349
58,BEACH HEARTBREAKERS,Documentary,350
73,BINGO TALENTED,Sci-Fi,350
74,BIRCH ANTITRUST,Music,350
75,BIRD INDEPENDENCE,Travel,350
88,BORN SPINAL,Travel,350
213,DATE SPEED,Family,351
281,ENCINO ELF,Games,351
299,FACTORY DRAGON,Travel,351
352,GATHERING CALENDAR,Games,351
359,GLADIATOR WESTWARD,Family,351
213,DATE SPEED,Family,352
281,ENCINO ELF,Games,352
299,FACTORY DRAGON,Travel,352
352,GATHERING CALENDAR,Games,352
359,GLADIATOR WESTWARD,Family,352
58,BEACH HEARTBREAKERS,Documentary,353
73,BINGO TALENTED,Sci-Fi,353
74,BIRCH ANTITRUST,Music,353
75,BIRD INDEPENDENCE,Travel,353
88,BORN SPINAL,Travel,353
795,SIEGE MADRE,Family,354
870,SWARM GOLD,Horror,354
967,WEEKEND PERSONAL,Sci-Fi,354
975,WILLOW TRACY,Family,354
988,WORKER TARZAN,Travel,354
551,MAIDEN HOME,New,355
578,MILLION ACE,Classics,355
638,OPERATION OPERATION,Comedy,355
707,QUEST MUSSOLINI,Action,355
720,REDEMPTION COMFORTS,New,355
7,AIRPLANE SIERRA,Comedy,356
8,AIRPORT POLLOCK,Horror,356
9,ALABAMA DEVIL,Horror,356
10,ALADDIN CALENDAR,Sports,356
13,ALI FOREVER,Horror,356
551,MAIDEN HOME,New,357
578,MILLION ACE,Classics,357
638,OPERATION OPERATION,Comedy,357
707,QUEST MUSSOLINI,Action,357
720,REDEMPTION COMFORTS,New,357
308,FERRIS MOTHER,Comedy,358
332,FRANKENSTEIN STRANGER,Comedy,358
345,GABLES METROPOLIS,Family,358
358,GILMORE BOILED,Classics,358
380,GREEK EVERYONE,Foreign,358
7,AIRPLANE SIERRA,Comedy,359
8,AIRPORT POLLOCK,Horror,359
9,ALABAMA DEVIL,Horror,359
10,ALADDIN CALENDAR,Sports,359
13,ALI FOREVER,Horror,359
551,MAIDEN HOME,New,360
578,MILLION ACE,Classics,360
638,OPERATION OPERATION,Comedy,360
707,QUEST MUSSOLINI,Action,360
720,REDEMPTION COMFORTS,New,360
569,MENAGERIE RUSHMORE,Animation,361
605,MULHOLLAND BEAST,Foreign,361
692,POTLUCK MIXED,Animation,361
719,RECORDS ZORRO,Sports,361
721,REDS POCUS,Music,361
58,BEACH HEARTBREAKERS,Documentary,362
73,BINGO TALENTED,Sci-Fi,362
74,BIRCH ANTITRUST,Music,362
75,BIRD INDEPENDENCE,Travel,362
88,BORN SPINAL,Travel,362
308,FERRIS MOTHER,Comedy,363
332,FRANKENSTEIN STRANGER,Comedy,363
345,GABLES METROPOLIS,Family,363
358,GILMORE BOILED,Classics,363
380,GREEK EVERYONE,Foreign,363
613,MYSTIC TRUMAN,Comedy,364
681,PIRATES ROXANNE,Sports,364
900,TOWN ARK,Foreign,364
935,VANISHED GARDEN,New,364
948,VOICE PEACH,New,364
58,BEACH HEARTBREAKERS,Documentary,365
73,BINGO TALENTED,Sci-Fi,365
74,BIRCH ANTITRUST,Music,365
75,BIRD INDEPENDENCE,Travel,365
88,BORN SPINAL,Travel,365
795,SIEGE MADRE,Family,366
870,SWARM GOLD,Horror,366
967,WEEKEND PERSONAL,Sci-Fi,366
975,WILLOW TRACY,Family,366
988,WORKER TARZAN,Travel,366
567,MEET CHOCOLATE,Foreign,367
854,STRANGERS GRAFFITI,Horror,367
933,VAMPIRE WHALE,New,367
950,VOLUME HOUSE,Classics,367
967,WEEKEND PERSONAL,Sci-Fi,367
58,BEACH HEARTBREAKERS,Documentary,368
73,BINGO TALENTED,Sci-Fi,368
74,BIRCH ANTITRUST,Music,368
75,BIRD INDEPENDENCE,Travel,368
88,BORN SPINAL,Travel,368
241,DONNIE ALLEY,Animation,369
281,ENCINO ELF,Games,369
301,FAMILY SWEET,Horror,369
344,FURY MURDER,Children,369
349,GANGS PRIDE,Animation,369
58,BEACH HEARTBREAKERS,Documentary,370
73,BINGO TALENTED,Sci-Fi,370
74,BIRCH ANTITRUST,Music,370
75,BIRD INDEPENDENCE,Travel,370
88,BORN SPINAL,Travel,370
58,BEACH HEARTBREAKERS,Documentary,371
73,BINGO TALENTED,Sci-Fi,371
74,BIRCH ANTITRUST,Music,371
75,BIRD INDEPENDENCE,Travel,371
88,BORN SPINAL,Travel,371
569,MENAGERIE RUSHMORE,Animation,372
605,MULHOLLAND BEAST,Foreign,372
692,POTLUCK MIXED,Animation,372
719,RECORDS ZORRO,Sports,372
721,REDS POCUS,Music,372
58,BEACH HEARTBREAKERS,Documentary,373
73,BINGO TALENTED,Sci-Fi,373
74,BIRCH ANTITRUST,Music,373
75,BIRD INDEPENDENCE,Travel,373
88,BORN SPINAL,Travel,373
213,DATE SPEED,Family,374
281,ENCINO ELF,Games,374
299,FACTORY DRAGON,Travel,374
352,GATHERING CALENDAR,Games,374
359,GLADIATOR WESTWARD,Family,374
567,MEET CHOCOLATE,Foreign,375
854,STRANGERS GRAFFITI,Horror,375
933,VAMPIRE WHALE,New,375
950,VOLUME HOUSE,Classics,375
967,WEEKEND PERSONAL,Sci-Fi,375
551,MAIDEN HOME,New,376
578,MILLION ACE,Classics,376
638,OPERATION OPERATION,Comedy,376
707,QUEST MUSSOLINI,Action,376
720,REDEMPTION COMFORTS,New,376
551,MAIDEN HOME,New,377
578,MILLION ACE,Classics,377
638,OPERATION OPERATION,Comedy,377
707,QUEST MUSSOLINI,Action,377
720,REDEMPTION COMFORTS,New,377
58,BEACH HEARTBREAKERS,Documentary,378
73,BINGO TALENTED,Sci-Fi,378
74,BIRCH ANTITRUST,Music,378
75,BIRD INDEPENDENCE,Travel,378
88,BORN SPINAL,Travel,378
308,FERRIS MOTHER,Comedy,379
332,FRANKENSTEIN STRANGER,Comedy,379
345,GABLES METROPOLIS,Family,379
358,GILMORE BOILED,Classics,379
380,GREEK EVERYONE,Foreign,379
58,BEACH HEARTBREAKERS,Documentary,380
73,BINGO TALENTED,Sci-Fi,380
74,BIRCH ANTITRUST,Music,380
75,BIRD INDEPENDENCE,Travel,380
88,BORN SPINAL,Travel,380
58,BEACH HEARTBREAKERS,Documentary,381
73,BINGO TALENTED,Sci-Fi,381
74,BIRCH ANTITRUST,Music,381
75,BIRD INDEPENDENCE,Travel,381
88,BORN SPINAL,Travel,381
613,MYSTIC TRUMAN,Comedy,382
681,PIRATES ROXANNE,Sports,382
900,TOWN ARK,Foreign,382
935,VANISHED GARDEN,New,382
948,VOICE PEACH,New,382
58,BEACH HEARTBREAKERS,Documentary,383
73,BINGO TALENTED,Sci-Fi,383
74,BIRCH ANTITRUST,Music,383
75,BIRD INDEPENDENCE,Travel,383
88,BORN SPINAL,Travel,383
241,DONNIE ALLEY,Animation,384
281,ENCINO ELF,Games,384
301,FAMILY SWEET,Horror,384
344,FURY MURDER,Children,384
349,GANGS PRIDE,Animation,384
795,SIEGE MADRE,Family,385
870,SWARM GOLD,Horror,385
967,WEEKEND PERSONAL,Sci-Fi,385
975,WILLOW TRACY,Family,385
988,WORKER TARZAN,Travel,385
613,MYSTIC TRUMAN,Comedy,386
681,PIRATES ROXANNE,Sports,386
900,TOWN ARK,Foreign,386
935,VANISHED GARDEN,New,386
948,VOICE PEACH,New,386
308,FERRIS MOTHER,Comedy,387
332,FRANKENSTEIN STRANGER,Comedy,387
345,GABLES METROPOLIS,Family,387
358,GILMORE BOILED,Classics,387
380,GREEK EVERYONE,Foreign,387
58,BEACH HEARTBREAKERS,Documentary,388
73,BINGO TALENTED,Sci-Fi,388
74,BIRCH ANTITRUST,Music,388
75,BIRD INDEPENDENCE,Travel,388
88,BORN SPINAL,Travel,388
308,FERRIS MOTHER,Comedy,389
332,FRANKENSTEIN STRANGER,Comedy,389
345,GABLES METROPOLIS,Family,389
358,GILMORE BOILED,Classics,389
380,GREEK EVERYONE,Foreign,389
58,BEACH HEARTBREAKERS,Documentary,390
73,BINGO TALENTED,Sci-Fi,390
74,BIRCH ANTITRUST,Music,390
75,BIRD INDEPENDENCE,Travel,390
88,BORN SPINAL,Travel,390
58,BEACH HEARTBREAKERS,Documentary,391
73,BINGO TALENTED,Sci-Fi,391
74,BIRCH ANTITRUST,Music,391
75,BIRD INDEPENDENCE,Travel,391
88,BORN SPINAL,Travel,391
58,BEACH HEARTBREAKERS,Documentary,392
73,BINGO TALENTED,Sci-Fi,392
74,BIRCH ANTITRUST,Music,392
75,BIRD INDEPENDENCE,Travel,392
88,BORN SPINAL,Travel,392
551,MAIDEN HOME,New,393
578,MILLION ACE,Classics,393
638,OPERATION OPERATION,Comedy,393
707,QUEST MUSSOLINI,Action,393
720,REDEMPTION COMFORTS,New,393
795,SIEGE MADRE,Family,394
870,SWARM GOLD,Horror,394
967,WEEKEND PERSONAL,Sci-Fi,394
975,WILLOW TRACY,Family,394
988,WORKER TARZAN,Travel,394
795,SIEGE MADRE,Family,395
870,SWARM GOLD,Horror,395
967,WEEKEND PERSONAL,Sci-Fi,395
975,WILLOW TRACY,Family,395
988,WORKER TARZAN,Travel,395
58,BEACH HEARTBREAKERS,Documentary,396
73,BINGO TALENTED,Sci-Fi,396
74,BIRCH ANTITRUST,Music,396
75,BIRD INDEPENDENCE,Travel,396
88,BORN SPINAL,Travel,396
795,SIEGE MADRE,Family,397
870,SWARM GOLD,Horror,397
967,WEEKEND PERSONAL,Sci-Fi,397
975,WILLOW TRACY,Family,397
988,WORKER TARZAN,Travel,397
567,MEET CHOCOLATE,Foreign,398
854,STRANGERS GRAFFITI,Horror,398
933,VAMPIRE WHALE,New,398
950,VOLUME HOUSE,Classics,398
967,WEEKEND PERSONAL,Sci-Fi,398
241,DONNIE ALLEY,Animation,399
281,ENCINO ELF,Games,399
301,FAMILY SWEET,Horror,399
344,FURY MURDER,Children,399
349,GANGS PRIDE,Animation,399
308,FERRIS MOTHER,Comedy,400
332,FRANKENSTEIN STRANGER,Comedy,400
345,GABLES METROPOLIS,Family,400
358,GILMORE BOILED,Classics,400
380,GREEK EVERYONE,Foreign,400
58,BEACH HEARTBREAKERS,Documentary,401
73,BINGO TALENTED,Sci-Fi,401
74,BIRCH ANTITRUST,Music,401
75,BIRD INDEPENDENCE,Travel,401
88,BORN SPINAL,Travel,401
551,MAIDEN HOME,New,402
578,MILLION ACE,Classics,402
638,OPERATION OPERATION,Comedy,402
707,QUEST MUSSOLINI,Action,402
720,REDEMPTION COMFORTS,New,402
795,SIEGE MADRE,Family,403
870,SWARM GOLD,Horror,403
967,WEEKEND PERSONAL,Sci-Fi,403
975,WILLOW TRACY,Family,403
988,WORKER TARZAN,Travel,403
58,BEACH HEARTBREAKERS,Documentary,404
73,BINGO TALENTED,Sci-Fi,404
74,BIRCH ANTITRUST,Music,404
75,BIRD INDEPENDENCE,Travel,404
88,BORN SPINAL,Travel,404
551,MAIDEN HOME,New,405
578,MILLION ACE,Classics,405
638,OPERATION OPERATION,Comedy,405
707,QUEST MUSSOLINI,Action,405
720,REDEMPTION COMFORTS,New,405
58,BEACH HEARTBREAKERS,Documentary,406
73,BINGO TALENTED,Sci-Fi,406
74,BIRCH ANTITRUST,Music,406
75,BIRD INDEPENDENCE,Travel,406
88,BORN SPINAL,Travel,406
551,MAIDEN HOME,New,407
578,MILLION ACE,Classics,407
638,OPERATION OPERATION,Comedy,407
707,QUEST MUSSOLINI,Action,407
720,REDEMPTION COMFORTS,New,407
613,MYSTIC TRUMAN,Comedy,408
681,PIRATES ROXANNE,Sports,408
900,TOWN ARK,Foreign,408
935,VANISHED GARDEN,New,408
948,VOICE PEACH,New,408
213,DATE SPEED,Family,409
281,ENCINO ELF,Games,409
299,FACTORY DRAGON,Travel,409
352,GATHERING CALENDAR,Games,409
359,GLADIATOR WESTWARD,Family,409
241,DONNIE ALLEY,Animation,410
281,ENCINO ELF,Games,410
301,FAMILY SWEET,Horror,410
344,FURY MURDER,Children,410
349,GANGS PRIDE,Animation,410
58,BEACH HEARTBREAKERS,Documentary,411
73,BINGO TALENTED,Sci-Fi,411
74,BIRCH ANTITRUST,Music,411
75,BIRD INDEPENDENCE,Travel,411
88,BORN SPINAL,Travel,411
569,MENAGERIE RUSHMORE,Animation,412
605,MULHOLLAND BEAST,Foreign,412
692,POTLUCK MIXED,Animation,412
719,RECORDS ZORRO,Sports,412
721,REDS POCUS,Music,412
58,BEACH HEARTBREAKERS,Documentary,413
73,BINGO TALENTED,Sci-Fi,413
74,BIRCH ANTITRUST,Music,413
75,BIRD INDEPENDENCE,Travel,413
88,BORN SPINAL,Travel,413
213,DATE SPEED,Family,414
281,ENCINO ELF,Games,414
299,FACTORY DRAGON,Travel,414
352,GATHERING CALENDAR,Games,414
359,GLADIATOR WESTWARD,Family,414
241,DONNIE ALLEY,Animation,415
281,ENCINO ELF,Games,415
301,FAMILY SWEET,Horror,415
344,FURY MURDER,Children,415
349,GANGS PRIDE,Animation,415
795,SIEGE MADRE,Family,416
870,SWARM GOLD,Horror,416
967,WEEKEND PERSONAL,Sci-Fi,416
975,WILLOW TRACY,Family,416
988,WORKER TARZAN,Travel,416
58,BEACH HEARTBREAKERS,Documentary,417
73,BINGO TALENTED,Sci-Fi,417
74,BIRCH ANTITRUST,Music,417
75,BIRD INDEPENDENCE,Travel,417
88,BORN SPINAL,Travel,417
551,MAIDEN HOME,New,418
578,MILLION ACE,Classics,418
638,OPERATION OPERATION,Comedy,418
707,QUEST MUSSOLINI,Action,418
720,REDEMPTION COMFORTS,New,418
58,BEACH HEARTBREAKERS,Documentary,419
73,BINGO TALENTED,Sci-Fi,419
74,BIRCH ANTITRUST,Music,419
75,BIRD INDEPENDENCE,Travel,419
88,BORN SPINAL,Travel,419
58,BEACH HEARTBREAKERS,Documentary,420
73,BINGO TALENTED,Sci-Fi,420
74,BIRCH ANTITRUST,Music,420
75,BIRD INDEPENDENCE,Travel,420
88,BORN SPINAL,Travel,420
308,FERRIS MOTHER,Comedy,421
332,FRANKENSTEIN STRANGER,Comedy,421
345,GABLES METROPOLIS,Family,421
358,GILMORE BOILED,Classics,421
380,GREEK EVERYONE,Foreign,421
795,SIEGE MADRE,Family,422
870,SWARM GOLD,Horror,422
967,WEEKEND PERSONAL,Sci-Fi,422
975,WILLOW TRACY,Family,422
988,WORKER TARZAN,Travel,422
241,DONNIE ALLEY,Animation,423
281,ENCINO ELF,Games,423
301,FAMILY SWEET,Horror,423
344,FURY MURDER,Children,423
349,GANGS PRIDE,Animation,423
58,BEACH HEARTBREAKERS,Documentary,424
73,BINGO TALENTED,Sci-Fi,424
74,BIRCH ANTITRUST,Music,424
75,BIRD INDEPENDENCE,Travel,424
88,BORN SPINAL,Travel,424
241,DONNIE ALLEY,Animation,425
281,ENCINO ELF,Games,425
301,FAMILY SWEET,Horror,425
344,FURY MURDER,Children,425
349,GANGS PRIDE,Animation,425
7,AIRPLANE SIERRA,Comedy,426
8,AIRPORT POLLOCK,Horror,426
9,ALABAMA DEVIL,Horror,426
10,ALADDIN CALENDAR,Sports,426
13,ALI FOREVER,Horror,426
308,FERRIS MOTHER,Comedy,427
332,FRANKENSTEIN STRANGER,Comedy,427
345,GABLES METROPOLIS,Family,427
358,GILMORE BOILED,Classics,427
380,GREEK EVERYONE,Foreign,427
241,DONNIE ALLEY,Animation,428
281,ENCINO ELF,Games,428
301,FAMILY SWEET,Horror,428
344,FURY MURDER,Children,428
349,GANGS PRIDE,Animation,428
308,FERRIS MOTHER,Comedy,429
332,FRANKENSTEIN STRANGER,Comedy,429
345,GABLES METROPOLIS,Family,429
358,GILMORE BOILED,Classics,429
380,GREEK EVERYONE,Foreign,429
308,FERRIS MOTHER,Comedy,430
332,FRANKENSTEIN STRANGER,Comedy,430
345,GABLES METROPOLIS,Family,430
358,GILMORE BOILED,Classics,430
380,GREEK EVERYONE,Foreign,430
58,BEACH HEARTBREAKERS,Documentary,431
73,BINGO TALENTED,Sci-Fi,431
74,BIRCH ANTITRUST,Music,431
75,BIRD INDEPENDENCE,Travel,431
88,BORN SPINAL,Travel,431
213,DATE SPEED,Family,432
281,ENCINO ELF,Games,432
299,FACTORY DRAGON,Travel,432
352,GATHERING CALENDAR,Games,432
359,GLADIATOR WESTWARD,Family,432
551,MAIDEN HOME,New,433
578,MILLION ACE,Classics,433
638,OPERATION OPERATION,Comedy,433
707,QUEST MUSSOLINI,Action,433
720,REDEMPTION COMFORTS,New,433
58,BEACH HEARTBREAKERS,Documentary,434
73,BINGO TALENTED,Sci-Fi,434
74,BIRCH ANTITRUST,Music,434
75,BIRD INDEPENDENCE,Travel,434
88,BORN SPINAL,Travel,434
58,BEACH HEARTBREAKERS,Documentary,435
73,BINGO TALENTED,Sci-Fi,435
74,BIRCH ANTITRUST,Music,435
75,BIRD INDEPENDENCE,Travel,435
88,BORN SPINAL,Travel,435
58,BEACH HEARTBREAKERS,Documentary,436
73,BINGO TALENTED,Sci-Fi,436
74,BIRCH ANTITRUST,Music,436
75,BIRD INDEPENDENCE,Travel,436
88,BORN SPINAL,Travel,436
308,FERRIS MOTHER,Comedy,437
332,FRANKENSTEIN STRANGER,Comedy,437
345,GABLES METROPOLIS,Family,437
358,GILMORE BOILED,Classics,437
380,GREEK EVERYONE,Foreign,437
58,BEACH HEARTBREAKERS,Documentary,438
73,BINGO TALENTED,Sci-Fi,438
74,BIRCH ANTITRUST,Music,438
75,BIRD INDEPENDENCE,Travel,438
88,BORN SPINAL,Travel,438
613,MYSTIC TRUMAN,Comedy,439
681,PIRATES ROXANNE,Sports,439
900,TOWN ARK,Foreign,439
935,VANISHED GARDEN,New,439
948,VOICE PEACH,New,439
241,DONNIE ALLEY,Animation,440
281,ENCINO ELF,Games,440
301,FAMILY SWEET,Horror,440
344,FURY MURDER,Children,440
349,GANGS PRIDE,Animation,440
308,FERRIS MOTHER,Comedy,441
332,FRANKENSTEIN STRANGER,Comedy,441
345,GABLES METROPOLIS,Family,441
358,GILMORE BOILED,Classics,441
380,GREEK EVERYONE,Foreign,441
58,BEACH HEARTBREAKERS,Documentary,442
73,BINGO TALENTED,Sci-Fi,442
74,BIRCH ANTITRUST,Music,442
75,BIRD INDEPENDENCE,Travel,442
88,BORN SPINAL,Travel,442
58,BEACH HEARTBREAKERS,Documentary,443
73,BINGO TALENTED,Sci-Fi,443
74,BIRCH ANTITRUST,Music,443
75,BIRD INDEPENDENCE,Travel,443
88,BORN SPINAL,Travel,443
213,DATE SPEED,Family,444
281,ENCINO ELF,Games,444
299,FACTORY DRAGON,Travel,444
352,GATHERING CALENDAR,Games,444
359,GLADIATOR WESTWARD,Family,444
58,BEACH HEARTBREAKERS,Documentary,445
73,BINGO TALENTED,Sci-Fi,445
74,BIRCH ANTITRUST,Music,445
75,BIRD INDEPENDENCE,Travel,445
88,BORN SPINAL,Travel,445
613,MYSTIC TRUMAN,Comedy,446
681,PIRATES ROXANNE,Sports,446
900,TOWN ARK,Foreign,446
935,VANISHED GARDEN,New,446
948,VOICE PEACH,New,446
58,BEACH HEARTBREAKERS,Documentary,447
73,BINGO TALENTED,Sci-Fi,447
74,BIRCH ANTITRUST,Music,447
75,BIRD INDEPENDENCE,Travel,447
88,BORN SPINAL,Travel,447
241,DONNIE ALLEY,Animation,448
281,ENCINO ELF,Games,448
301,FAMILY SWEET,Horror,448
344,FURY MURDER,Children,448
349,GANGS PRIDE,Animation,448
613,MYSTIC TRUMAN,Comedy,449
681,PIRATES ROXANNE,Sports,449
900,TOWN ARK,Foreign,449
935,VANISHED GARDEN,New,449
948,VOICE PEACH,New,449
795,SIEGE MADRE,Family,450
870,SWARM GOLD,Horror,450
967,WEEKEND PERSONAL,Sci-Fi,450
975,WILLOW TRACY,Family,450
988,WORKER TARZAN,Travel,450
795,SIEGE MADRE,Family,451
870,SWARM GOLD,Horror,451
967,WEEKEND PERSONAL,Sci-Fi,451
975,WILLOW TRACY,Family,451
988,WORKER TARZAN,Travel,451
795,SIEGE MADRE,Family,452
870,SWARM GOLD,Horror,452
967,WEEKEND PERSONAL,Sci-Fi,452
975,WILLOW TRACY,Family,452
988,WORKER TARZAN,Travel,452
551,MAIDEN HOME,New,453
578,MILLION ACE,Classics,453
638,OPERATION OPERATION,Comedy,453
707,QUEST MUSSOLINI,Action,453
720,REDEMPTION COMFORTS,New,453
308,FERRIS MOTHER,Comedy,454
332,FRANKENSTEIN STRANGER,Comedy,454
345,GABLES METROPOLIS,Family,454
358,GILMORE BOILED,Classics,454
380,GREEK EVERYONE,Foreign,454
551,MAIDEN HOME,New,455
578,MILLION ACE,Classics,455
638,OPERATION OPERATION,Comedy,455
707,QUEST MUSSOLINI,Action,455
720,REDEMPTION COMFORTS,New,455
795,SIEGE MADRE,Family,456
870,SWARM GOLD,Horror,456
967,WEEKEND PERSONAL,Sci-Fi,456
975,WILLOW TRACY,Family,456
988,WORKER TARZAN,Travel,456
308,FERRIS MOTHER,Comedy,457
332,FRANKENSTEIN STRANGER,Comedy,457
345,GABLES METROPOLIS,Family,457
358,GILMORE BOILED,Classics,457
380,GREEK EVERYONE,Foreign,457
613,MYSTIC TRUMAN,Comedy,458
681,PIRATES ROXANNE,Sports,458
900,TOWN ARK,Foreign,458
935,VANISHED GARDEN,New,458
948,VOICE PEACH,New,458
308,FERRIS MOTHER,Comedy,459
332,FRANKENSTEIN STRANGER,Comedy,459
345,GABLES METROPOLIS,Family,459
358,GILMORE BOILED,Classics,459
380,GREEK EVERYONE,Foreign,459
58,BEACH HEARTBREAKERS,Documentary,460
73,BINGO TALENTED,Sci-Fi,460
74,BIRCH ANTITRUST,Music,460
75,BIRD INDEPENDENCE,Travel,460
88,BORN SPINAL,Travel,460
58,BEACH HEARTBREAKERS,Documentary,461
73,BINGO TALENTED,Sci-Fi,461
74,BIRCH ANTITRUST,Music,461
75,BIRD INDEPENDENCE,Travel,461
88,BORN SPINAL,Travel,461
58,BEACH HEARTBREAKERS,Documentary,462
73,BINGO TALENTED,Sci-Fi,462
74,BIRCH ANTITRUST,Music,462
75,BIRD INDEPENDENCE,Travel,462
88,BORN SPINAL,Travel,462
58,BEACH HEARTBREAKERS,Documentary,463
73,BINGO TALENTED,Sci-Fi,463
74,BIRCH ANTITRUST,Music,463
75,BIRD INDEPENDENCE,Travel,463
88,BORN SPINAL,Travel,463
308,FERRIS MOTHER,Comedy,464
332,FRANKENSTEIN STRANGER,Comedy,464
345,GABLES METROPOLIS,Family,464
358,GILMORE BOILED,Classics,464
380,GREEK EVERYONE,Foreign,464
308,FERRIS MOTHER,Comedy,465
332,FRANKENSTEIN STRANGER,Comedy,465
345,GABLES METROPOLIS,Family,465
358,GILMORE BOILED,Classics,465
380,GREEK EVERYONE,Foreign,465
308,FERRIS MOTHER,Comedy,466
332,FRANKENSTEIN STRANGER,Comedy,466
345,GABLES METROPOLIS,Family,466
358,GILMORE BOILED,Classics,466
380,GREEK EVERYONE,Foreign,466
682,PITTSBURGH HUNCHBACK,Family,467
739,ROCKY WAR,Drama,467
769,SCHOOL JACKET,Foreign,467
792,SHREK LICENSE,Foreign,467
897,TORQUE BOUND,Drama,467
58,BEACH HEARTBREAKERS,Documentary,468
73,BINGO TALENTED,Sci-Fi,468
74,BIRCH ANTITRUST,Music,468
75,BIRD INDEPENDENCE,Travel,468
88,BORN SPINAL,Travel,468
567,MEET CHOCOLATE,Foreign,469
854,STRANGERS GRAFFITI,Horror,469
933,VAMPIRE WHALE,New,469
950,VOLUME HOUSE,Classics,469
967,WEEKEND PERSONAL,Sci-Fi,469
569,MENAGERIE RUSHMORE,Animation,470
605,MULHOLLAND BEAST,Foreign,470
692,POTLUCK MIXED,Animation,470
719,RECORDS ZORRO,Sports,470
721,REDS POCUS,Music,470
613,MYSTIC TRUMAN,Comedy,471
681,PIRATES ROXANNE,Sports,471
900,TOWN ARK,Foreign,471
935,VANISHED GARDEN,New,471
948,VOICE PEACH,New,471
58,BEACH HEARTBREAKERS,Documentary,472
73,BINGO TALENTED,Sci-Fi,472
74,BIRCH ANTITRUST,Music,472
75,BIRD INDEPENDENCE,Travel,472
88,BORN SPINAL,Travel,472
569,MENAGERIE RUSHMORE,Animation,473
605,MULHOLLAND BEAST,Foreign,473
692,POTLUCK MIXED,Animation,473
719,RECORDS ZORRO,Sports,473
721,REDS POCUS,Music,473
58,BEACH HEARTBREAKERS,Documentary,474
73,BINGO TALENTED,Sci-Fi,474
74,BIRCH ANTITRUST,Music,474
75,BIRD INDEPENDENCE,Travel,474
88,BORN SPINAL,Travel,474
613,MYSTIC TRUMAN,Comedy,475
681,PIRATES ROXANNE,Sports,475
900,TOWN ARK,Foreign,475
935,VANISHED GARDEN,New,475
948,VOICE PEACH,New,475
58,BEACH HEARTBREAKERS,Documentary,476
73,BINGO TALENTED,Sci-Fi,476
74,BIRCH ANTITRUST,Music,476
75,BIRD INDEPENDENCE,Travel,476
88,BORN SPINAL,Travel,476
58,BEACH HEARTBREAKERS,Documentary,477
73,BINGO TALENTED,Sci-Fi,477
74,BIRCH ANTITRUST,Music,477
75,BIRD INDEPENDENCE,Travel,477
88,BORN SPINAL,Travel,477
613,MYSTIC TRUMAN,Comedy,478
681,PIRATES ROXANNE,Sports,478
900,TOWN ARK,Foreign,478
935,VANISHED GARDEN,New,478
948,VOICE PEACH,New,478
308,FERRIS MOTHER,Comedy,479
332,FRANKENSTEIN STRANGER,Comedy,479
345,GABLES METROPOLIS,Family,479
358,GILMORE BOILED,Classics,479
380,GREEK EVERYONE,Foreign,479
308,FERRIS MOTHER,Comedy,480
332,FRANKENSTEIN STRANGER,Comedy,480
345,GABLES METROPOLIS,Family,480
358,GILMORE BOILED,Classics,480
380,GREEK EVERYONE,Foreign,480
230,DIARY PANIC,Drama,481
308,FERRIS MOTHER,Comedy,481
324,FLINTSTONES HAPPINESS,Comedy,481
359,GLADIATOR WESTWARD,Family,481
380,GREEK EVERYONE,Foreign,481
795,SIEGE MADRE,Family,482
870,SWARM GOLD,Horror,482
967,WEEKEND PERSONAL,Sci-Fi,482
975,WILLOW TRACY,Family,482
988,WORKER TARZAN,Travel,482
308,FERRIS MOTHER,Comedy,483
332,FRANKENSTEIN STRANGER,Comedy,483
345,GABLES METROPOLIS,Family,483
358,GILMORE BOILED,Classics,483
380,GREEK EVERYONE,Foreign,483
241,DONNIE ALLEY,Animation,484
281,ENCINO ELF,Games,484
301,FAMILY SWEET,Horror,484
344,FURY MURDER,Children,484
349,GANGS PRIDE,Animation,484
58,BEACH HEARTBREAKERS,Documentary,485
73,BINGO TALENTED,Sci-Fi,485
74,BIRCH ANTITRUST,Music,485
75,BIRD INDEPENDENCE,Travel,485
88,BORN SPINAL,Travel,485
241,DONNIE ALLEY,Animation,486
281,ENCINO ELF,Games,486
301,FAMILY SWEET,Horror,486
344,FURY MURDER,Children,486
349,GANGS PRIDE,Animation,486
613,MYSTIC TRUMAN,Comedy,487
681,PIRATES ROXANNE,Sports,487
900,TOWN ARK,Foreign,487
935,VANISHED GARDEN,New,487
948,VOICE PEACH,New,487
241,DONNIE ALLEY,Animation,488
281,ENCINO ELF,Games,488
301,FAMILY SWEET,Horror,488
344,FURY MURDER,Children,488
349,GANGS PRIDE,Animation,488
213,DATE SPEED,Family,489
281,ENCINO ELF,Games,489
299,FACTORY DRAGON,Travel,489
352,GATHERING CALENDAR,Games,489
359,GLADIATOR WESTWARD,Family,489
58,BEACH HEARTBREAKERS,Documentary,490
73,BINGO TALENTED,Sci-Fi,490
74,BIRCH ANTITRUST,Music,490
75,BIRD INDEPENDENCE,Travel,490
88,BORN SPINAL,Travel,490
795,SIEGE MADRE,Family,491
870,SWARM GOLD,Horror,491
967,WEEKEND PERSONAL,Sci-Fi,491
975,WILLOW TRACY,Family,491
988,WORKER TARZAN,Travel,491
613,MYSTIC TRUMAN,Comedy,492
681,PIRATES ROXANNE,Sports,492
900,TOWN ARK,Foreign,492
935,VANISHED GARDEN,New,492
948,VOICE PEACH,New,492
241,DONNIE ALLEY,Animation,493
281,ENCINO ELF,Games,493
301,FAMILY SWEET,Horror,493
344,FURY MURDER,Children,493
349,GANGS PRIDE,Animation,493
58,BEACH HEARTBREAKERS,Documentary,494
73,BINGO TALENTED,Sci-Fi,494
74,BIRCH ANTITRUST,Music,494
75,BIRD INDEPENDENCE,Travel,494
88,BORN SPINAL,Travel,494
613,MYSTIC TRUMAN,Comedy,495
681,PIRATES ROXANNE,Sports,495
900,TOWN ARK,Foreign,495
935,VANISHED GARDEN,New,495
948,VOICE PEACH,New,495
58,BEACH HEARTBREAKERS,Documentary,496
73,BINGO TALENTED,Sci-Fi,496
74,BIRCH ANTITRUST,Music,496
75,BIRD INDEPENDENCE,Travel,496
88,BORN SPINAL,Travel,496
795,SIEGE MADRE,Family,497
870,SWARM GOLD,Horror,497
967,WEEKEND PERSONAL,Sci-Fi,497
975,WILLOW TRACY,Family,497
988,WORKER TARZAN,Travel,497
795,SIEGE MADRE,Family,498
870,SWARM GOLD,Horror,498
967,WEEKEND PERSONAL,Sci-Fi,498
975,WILLOW TRACY,Family,498
988,WORKER TARZAN,Travel,498
795,SIEGE MADRE,Family,499
870,SWARM GOLD,Horror,499
967,WEEKEND PERSONAL,Sci-Fi,499
975,WILLOW TRACY,Family,499
988,WORKER TARZAN,Travel,499
551,MAIDEN HOME,New,500
578,MILLION ACE,Classics,500
638,OPERATION OPERATION,Comedy,500
707,QUEST MUSSOLINI,Action,500
720,REDEMPTION COMFORTS,New,500
308,FERRIS MOTHER,Comedy,501
332,FRANKENSTEIN STRANGER,Comedy,501
345,GABLES METROPOLIS,Family,501
358,GILMORE BOILED,Classics,501
380,GREEK EVERYONE,Foreign,501
58,BEACH HEARTBREAKERS,Documentary,502
73,BINGO TALENTED,Sci-Fi,502
74,BIRCH ANTITRUST,Music,502
75,BIRD INDEPENDENCE,Travel,502
88,BORN SPINAL,Travel,502
795,SIEGE MADRE,Family,503
870,SWARM GOLD,Horror,503
967,WEEKEND PERSONAL,Sci-Fi,503
975,WILLOW TRACY,Family,503
988,WORKER TARZAN,Travel,503
241,DONNIE ALLEY,Animation,504
281,ENCINO ELF,Games,504
301,FAMILY SWEET,Horror,504
344,FURY MURDER,Children,504
349,GANGS PRIDE,Animation,504
58,BEACH HEARTBREAKERS,Documentary,505
73,BINGO TALENTED,Sci-Fi,505
74,BIRCH ANTITRUST,Music,505
75,BIRD INDEPENDENCE,Travel,505
88,BORN SPINAL,Travel,505
241,DONNIE ALLEY,Animation,506
281,ENCINO ELF,Games,506
301,FAMILY SWEET,Horror,506
344,FURY MURDER,Children,506
349,GANGS PRIDE,Animation,506
136,CHAPLIN LICENSE,New,507
149,CHRISTMAS MOONSHINE,Children,507
156,CLERKS ANGELS,Documentary,507
180,CONSPIRACY SPIRIT,Classics,507
182,CONTROL ANTHEM,Comedy,507
551,MAIDEN HOME,New,508
578,MILLION ACE,Classics,508
638,OPERATION OPERATION,Comedy,508
707,QUEST MUSSOLINI,Action,508
720,REDEMPTION COMFORTS,New,508
58,BEACH HEARTBREAKERS,Documentary,509
73,BINGO TALENTED,Sci-Fi,509
74,BIRCH ANTITRUST,Music,509
75,BIRD INDEPENDENCE,Travel,509
88,BORN SPINAL,Travel,509
58,BEACH HEARTBREAKERS,Documentary,510
73,BINGO TALENTED,Sci-Fi,510
74,BIRCH ANTITRUST,Music,510
75,BIRD INDEPENDENCE,Travel,510
88,BORN SPINAL,Travel,510
58,BEACH HEARTBREAKERS,Documentary,511
73,BINGO TALENTED,Sci-Fi,511
74,BIRCH ANTITRUST,Music,511
75,BIRD INDEPENDENCE,Travel,511
88,BORN SPINAL,Travel,511
795,SIEGE MADRE,Family,512
870,SWARM GOLD,Horror,512
967,WEEKEND PERSONAL,Sci-Fi,512
975,WILLOW TRACY,Family,512
988,WORKER TARZAN,Travel,512
308,FERRIS MOTHER,Comedy,513
332,FRANKENSTEIN STRANGER,Comedy,513
345,GABLES METROPOLIS,Family,513
358,GILMORE BOILED,Classics,513
380,GREEK EVERYONE,Foreign,513
241,DONNIE ALLEY,Animation,514
281,ENCINO ELF,Games,514
301,FAMILY SWEET,Horror,514
344,FURY MURDER,Children,514
349,GANGS PRIDE,Animation,514
613,MYSTIC TRUMAN,Comedy,515
681,PIRATES ROXANNE,Sports,515
900,TOWN ARK,Foreign,515
935,VANISHED GARDEN,New,515
948,VOICE PEACH,New,515
58,BEACH HEARTBREAKERS,Documentary,516
73,BINGO TALENTED,Sci-Fi,516
74,BIRCH ANTITRUST,Music,516
75,BIRD INDEPENDENCE,Travel,516
88,BORN SPINAL,Travel,516
308,FERRIS MOTHER,Comedy,517
332,FRANKENSTEIN STRANGER,Comedy,517
345,GABLES METROPOLIS,Family,517
358,GILMORE BOILED,Classics,517
380,GREEK EVERYONE,Foreign,517
241,DONNIE ALLEY,Animation,518
281,ENCINO ELF,Games,518
301,FAMILY SWEET,Horror,518
344,FURY MURDER,Children,518
349,GANGS PRIDE,Animation,518
551,MAIDEN HOME,New,519
578,MILLION ACE,Classics,519
638,OPERATION OPERATION,Comedy,519
707,QUEST MUSSOLINI,Action,519
720,REDEMPTION COMFORTS,New,519
241,DONNIE ALLEY,Animation,520
281,ENCINO ELF,Games,520
301,FAMILY SWEET,Horror,520
344,FURY MURDER,Children,520
349,GANGS PRIDE,Animation,520
551,MAIDEN HOME,New,521
578,MILLION ACE,Classics,521
638,OPERATION OPERATION,Comedy,521
707,QUEST MUSSOLINI,Action,521
720,REDEMPTION COMFORTS,New,521
58,BEACH HEARTBREAKERS,Documentary,522
73,BINGO TALENTED,Sci-Fi,522
74,BIRCH ANTITRUST,Music,522
75,BIRD INDEPENDENCE,Travel,522
88,BORN SPINAL,Travel,522
613,MYSTIC TRUMAN,Comedy,523
681,PIRATES ROXANNE,Sports,523
900,TOWN ARK,Foreign,523
935,VANISHED GARDEN,New,523
948,VOICE PEACH,New,523
58,BEACH HEARTBREAKERS,Documentary,524
73,BINGO TALENTED,Sci-Fi,524
74,BIRCH ANTITRUST,Music,524
75,BIRD INDEPENDENCE,Travel,524
88,BORN SPINAL,Travel,524
213,DATE SPEED,Family,525
281,ENCINO ELF,Games,525
299,FACTORY DRAGON,Travel,525
352,GATHERING CALENDAR,Games,525
359,GLADIATOR WESTWARD,Family,525
58,BEACH HEARTBREAKERS,Documentary,526
73,BINGO TALENTED,Sci-Fi,526
74,BIRCH ANTITRUST,Music,526
75,BIRD INDEPENDENCE,Travel,526
88,BORN SPINAL,Travel,526
569,MENAGERIE RUSHMORE,Animation,527
605,MULHOLLAND BEAST,Foreign,527
692,POTLUCK MIXED,Animation,527
719,RECORDS ZORRO,Sports,527
721,REDS POCUS,Music,527
308,FERRIS MOTHER,Comedy,528
332,FRANKENSTEIN STRANGER,Comedy,528
345,GABLES METROPOLIS,Family,528
358,GILMORE BOILED,Classics,528
380,GREEK EVERYONE,Foreign,528
795,SIEGE MADRE,Family,529
870,SWARM GOLD,Horror,529
967,WEEKEND PERSONAL,Sci-Fi,529
975,WILLOW TRACY,Family,529
988,WORKER TARZAN,Travel,529
58,BEACH HEARTBREAKERS,Documentary,530
73,BINGO TALENTED,Sci-Fi,530
74,BIRCH ANTITRUST,Music,530
75,BIRD INDEPENDENCE,Travel,530
88,BORN SPINAL,Travel,530
551,MAIDEN HOME,New,531
578,MILLION ACE,Classics,531
638,OPERATION OPERATION,Comedy,531
707,QUEST MUSSOLINI,Action,531
720,REDEMPTION COMFORTS,New,531
613,MYSTIC TRUMAN,Comedy,532
681,PIRATES ROXANNE,Sports,532
900,TOWN ARK,Foreign,532
935,VANISHED GARDEN,New,532
948,VOICE PEACH,New,532
795,SIEGE MADRE,Family,533
870,SWARM GOLD,Horror,533
967,WEEKEND PERSONAL,Sci-Fi,533
975,WILLOW TRACY,Family,533
988,WORKER TARZAN,Travel,533
551,MAIDEN HOME,New,534
578,MILLION ACE,Classics,534
638,OPERATION OPERATION,Comedy,534
707,QUEST MUSSOLINI,Action,534
720,REDEMPTION COMFORTS,New,534
795,SIEGE MADRE,Family,535
870,SWARM GOLD,Horror,535
967,WEEKEND PERSONAL,Sci-Fi,535
975,WILLOW TRACY,Family,535
988,WORKER TARZAN,Travel,535
567,MEET CHOCOLATE,Foreign,536
854,STRANGERS GRAFFITI,Horror,536
933,VAMPIRE WHALE,New,536
950,VOLUME HOUSE,Classics,536
967,WEEKEND PERSONAL,Sci-Fi,536
213,DATE SPEED,Family,537
281,ENCINO ELF,Games,537
299,FACTORY DRAGON,Travel,537
352,GATHERING CALENDAR,Games,537
359,GLADIATOR WESTWARD,Family,537
795,SIEGE MADRE,Family,538
870,SWARM GOLD,Horror,538
967,WEEKEND PERSONAL,Sci-Fi,538
975,WILLOW TRACY,Family,538
988,WORKER TARZAN,Travel,538
213,DATE SPEED,Family,539
281,ENCINO ELF,Games,539
299,FACTORY DRAGON,Travel,539
352,GATHERING CALENDAR,Games,539
359,GLADIATOR WESTWARD,Family,539
795,SIEGE MADRE,Family,540
870,SWARM GOLD,Horror,540
967,WEEKEND PERSONAL,Sci-Fi,540
975,WILLOW TRACY,Family,540
988,WORKER TARZAN,Travel,540
58,BEACH HEARTBREAKERS,Documentary,541
73,BINGO TALENTED,Sci-Fi,541
74,BIRCH ANTITRUST,Music,541
75,BIRD INDEPENDENCE,Travel,541
88,BORN SPINAL,Travel,541
551,MAIDEN HOME,New,542
578,MILLION ACE,Classics,542
638,OPERATION OPERATION,Comedy,542
707,QUEST MUSSOLINI,Action,542
720,REDEMPTION COMFORTS,New,542
58,BEACH HEARTBREAKERS,Documentary,543
73,BINGO TALENTED,Sci-Fi,543
74,BIRCH ANTITRUST,Music,543
75,BIRD INDEPENDENCE,Travel,543
88,BORN SPINAL,Travel,543
213,DATE SPEED,Family,544
281,ENCINO ELF,Games,544
299,FACTORY DRAGON,Travel,544
352,GATHERING CALENDAR,Games,544
359,GLADIATOR WESTWARD,Family,544
58,BEACH HEARTBREAKERS,Documentary,545
73,BINGO TALENTED,Sci-Fi,545
74,BIRCH ANTITRUST,Music,545
75,BIRD INDEPENDENCE,Travel,545
88,BORN SPINAL,Travel,545
58,BEACH HEARTBREAKERS,Documentary,546
73,BINGO TALENTED,Sci-Fi,546
74,BIRCH ANTITRUST,Music,546
75,BIRD INDEPENDENCE,Travel,546
88,BORN SPINAL,Travel,546
613,MYSTIC TRUMAN,Comedy,547
681,PIRATES ROXANNE,Sports,547
900,TOWN ARK,Foreign,547
935,VANISHED GARDEN,New,547
948,VOICE PEACH,New,547
567,MEET CHOCOLATE,Foreign,548
854,STRANGERS GRAFFITI,Horror,548
933,VAMPIRE WHALE,New,548
950,VOLUME HOUSE,Classics,548
967,WEEKEND PERSONAL,Sci-Fi,548
613,MYSTIC TRUMAN,Comedy,549
681,PIRATES ROXANNE,Sports,549
900,TOWN ARK,Foreign,549
935,VANISHED GARDEN,New,549
948,VOICE PEACH,New,549
58,BEACH HEARTBREAKERS,Documentary,550
73,BINGO TALENTED,Sci-Fi,550
74,BIRCH ANTITRUST,Music,550
75,BIRD INDEPENDENCE,Travel,550
88,BORN SPINAL,Travel,550
795,SIEGE MADRE,Family,551
870,SWARM GOLD,Horror,551
967,WEEKEND PERSONAL,Sci-Fi,551
975,WILLOW TRACY,Family,551
988,WORKER TARZAN,Travel,551
613,MYSTIC TRUMAN,Comedy,552
681,PIRATES ROXANNE,Sports,552
900,TOWN ARK,Foreign,552
935,VANISHED GARDEN,New,552
948,VOICE PEACH,New,552
795,SIEGE MADRE,Family,553
870,SWARM GOLD,Horror,553
967,WEEKEND PERSONAL,Sci-Fi,553
975,WILLOW TRACY,Family,553
988,WORKER TARZAN,Travel,553
58,BEACH HEARTBREAKERS,Documentary,554
73,BINGO TALENTED,Sci-Fi,554
74,BIRCH ANTITRUST,Music,554
75,BIRD INDEPENDENCE,Travel,554
88,BORN SPINAL,Travel,554
569,MENAGERIE RUSHMORE,Animation,555
605,MULHOLLAND BEAST,Foreign,555
692,POTLUCK MIXED,Animation,555
719,RECORDS ZORRO,Sports,555
721,REDS POCUS,Music,555
7,AIRPLANE SIERRA,Comedy,556
8,AIRPORT POLLOCK,Horror,556
9,ALABAMA DEVIL,Horror,556
10,ALADDIN CALENDAR,Sports,556
13,ALI FOREVER,Horror,556
613,MYSTIC TRUMAN,Comedy,557
681,PIRATES ROXANNE,Sports,557
900,TOWN ARK,Foreign,557
935,VANISHED GARDEN,New,557
948,VOICE PEACH,New,557
567,MEET CHOCOLATE,Foreign,558
854,STRANGERS GRAFFITI,Horror,558
933,VAMPIRE WHALE,New,558
950,VOLUME HOUSE,Classics,558
967,WEEKEND PERSONAL,Sci-Fi,558
58,BEACH HEARTBREAKERS,Documentary,559
73,BINGO TALENTED,Sci-Fi,559
74,BIRCH ANTITRUST,Music,559
75,BIRD INDEPENDENCE,Travel,559
88,BORN SPINAL,Travel,559
58,BEACH HEARTBREAKERS,Documentary,560
73,BINGO TALENTED,Sci-Fi,560
74,BIRCH ANTITRUST,Music,560
75,BIRD INDEPENDENCE,Travel,560
88,BORN SPINAL,Travel,560
58,BEACH HEARTBREAKERS,Documentary,561
73,BINGO TALENTED,Sci-Fi,561
74,BIRCH ANTITRUST,Music,561
75,BIRD INDEPENDENCE,Travel,561
88,BORN SPINAL,Travel,561
613,MYSTIC TRUMAN,Comedy,562
681,PIRATES ROXANNE,Sports,562
900,TOWN ARK,Foreign,562
935,VANISHED GARDEN,New,562
948,VOICE PEACH,New,562
136,CHAPLIN LICENSE,New,563
149,CHRISTMAS MOONSHINE,Children,563
156,CLERKS ANGELS,Documentary,563
180,CONSPIRACY SPIRIT,Classics,563
182,CONTROL ANTHEM,Comedy,563
613,MYSTIC TRUMAN,Comedy,564
681,PIRATES ROXANNE,Sports,564
900,TOWN ARK,Foreign,564
935,VANISHED GARDEN,New,564
948,VOICE PEACH,New,564
213,DATE SPEED,Family,565
281,ENCINO ELF,Games,565
299,FACTORY DRAGON,Travel,565
352,GATHERING CALENDAR,Games,565
359,GLADIATOR WESTWARD,Family,565
58,BEACH HEARTBREAKERS,Documentary,566
73,BINGO TALENTED,Sci-Fi,566
74,BIRCH ANTITRUST,Music,566
75,BIRD INDEPENDENCE,Travel,566
88,BORN SPINAL,Travel,566
213,DATE SPEED,Family,567
281,ENCINO ELF,Games,567
299,FACTORY DRAGON,Travel,567
352,GATHERING CALENDAR,Games,567
359,GLADIATOR WESTWARD,Family,567
213,DATE SPEED,Family,568
281,ENCINO ELF,Games,568
299,FACTORY DRAGON,Travel,568
352,GATHERING CALENDAR,Games,568
359,GLADIATOR WESTWARD,Family,568
58,BEACH HEARTBREAKERS,Documentary,569
73,BINGO TALENTED,Sci-Fi,569
74,BIRCH ANTITRUST,Music,569
75,BIRD INDEPENDENCE,Travel,569
88,BORN SPINAL,Travel,569
551,MAIDEN HOME,New,570
578,MILLION ACE,Classics,570
638,OPERATION OPERATION,Comedy,570
707,QUEST MUSSOLINI,Action,570
720,REDEMPTION COMFORTS,New,570
551,MAIDEN HOME,New,571
578,MILLION ACE,Classics,571
638,OPERATION OPERATION,Comedy,571
707,QUEST MUSSOLINI,Action,571
720,REDEMPTION COMFORTS,New,571
241,DONNIE ALLEY,Animation,572
281,ENCINO ELF,Games,572
301,FAMILY SWEET,Horror,572
344,FURY MURDER,Children,572
349,GANGS PRIDE,Animation,572
7,AIRPLANE SIERRA,Comedy,573
8,AIRPORT POLLOCK,Horror,573
9,ALABAMA DEVIL,Horror,573
10,ALADDIN CALENDAR,Sports,573
13,ALI FOREVER,Horror,573
241,DONNIE ALLEY,Animation,574
281,ENCINO ELF,Games,574
301,FAMILY SWEET,Horror,574
344,FURY MURDER,Children,574
349,GANGS PRIDE,Animation,574
567,MEET CHOCOLATE,Foreign,575
854,STRANGERS GRAFFITI,Horror,575
933,VAMPIRE WHALE,New,575
950,VOLUME HOUSE,Classics,575
967,WEEKEND PERSONAL,Sci-Fi,575
58,BEACH HEARTBREAKERS,Documentary,576
73,BINGO TALENTED,Sci-Fi,576
74,BIRCH ANTITRUST,Music,576
75,BIRD INDEPENDENCE,Travel,576
88,BORN SPINAL,Travel,576
58,BEACH HEARTBREAKERS,Documentary,577
73,BINGO TALENTED,Sci-Fi,577
74,BIRCH ANTITRUST,Music,577
75,BIRD INDEPENDENCE,Travel,577
88,BORN SPINAL,Travel,577
795,SIEGE MADRE,Family,578
870,SWARM GOLD,Horror,578
967,WEEKEND PERSONAL,Sci-Fi,578
975,WILLOW TRACY,Family,578
988,WORKER TARZAN,Travel,578
308,FERRIS MOTHER,Comedy,579
332,FRANKENSTEIN STRANGER,Comedy,579
345,GABLES METROPOLIS,Family,579
358,GILMORE BOILED,Classics,579
380,GREEK EVERYONE,Foreign,579
308,FERRIS MOTHER,Comedy,580
332,FRANKENSTEIN STRANGER,Comedy,580
345,GABLES METROPOLIS,Family,580
358,GILMORE BOILED,Classics,580
380,GREEK EVERYONE,Foreign,580
58,BEACH HEARTBREAKERS,Documentary,581
73,BINGO TALENTED,Sci-Fi,581
74,BIRCH ANTITRUST,Music,581
75,BIRD INDEPENDENCE,Travel,581
88,BORN SPINAL,Travel,581
795,SIEGE MADRE,Family,582
870,SWARM GOLD,Horror,582
967,WEEKEND PERSONAL,Sci-Fi,582
975,WILLOW TRACY,Family,582
988,WORKER TARZAN,Travel,582
241,DONNIE ALLEY,Animation,583
281,ENCINO ELF,Games,583
301,FAMILY SWEET,Horror,583
344,FURY MURDER,Children,583
349,GANGS PRIDE,Animation,583
308,FERRIS MOTHER,Comedy,584
332,FRANKENSTEIN STRANGER,Comedy,584
345,GABLES METROPOLIS,Family,584
358,GILMORE BOILED,Classics,584
380,GREEK EVERYONE,Foreign,584
613,MYSTIC TRUMAN,Comedy,585
681,PIRATES ROXANNE,Sports,585
900,TOWN ARK,Foreign,585
935,VANISHED GARDEN,New,585
948,VOICE PEACH,New,585
58,BEACH HEARTBREAKERS,Documentary,586
73,BINGO TALENTED,Sci-Fi,586
74,BIRCH ANTITRUST,Music,586
75,BIRD INDEPENDENCE,Travel,586
88,BORN SPINAL,Travel,586
241,DONNIE ALLEY,Animation,587
281,ENCINO ELF,Games,587
301,FAMILY SWEET,Horror,587
344,FURY MURDER,Children,587
349,GANGS PRIDE,Animation,587
551,MAIDEN HOME,New,588
578,MILLION ACE,Classics,588
638,OPERATION OPERATION,Comedy,588
707,QUEST MUSSOLINI,Action,588
720,REDEMPTION COMFORTS,New,588
58,BEACH HEARTBREAKERS,Documentary,589
73,BINGO TALENTED,Sci-Fi,589
74,BIRCH ANTITRUST,Music,589
75,BIRD INDEPENDENCE,Travel,589
88,BORN SPINAL,Travel,589
795,SIEGE MADRE,Family,590
870,SWARM GOLD,Horror,590
967,WEEKEND PERSONAL,Sci-Fi,590
975,WILLOW TRACY,Family,590
988,WORKER TARZAN,Travel,590
58,BEACH HEARTBREAKERS,Documentary,591
73,BINGO TALENTED,Sci-Fi,591
74,BIRCH ANTITRUST,Music,591
75,BIRD INDEPENDENCE,Travel,591
88,BORN SPINAL,Travel,591
795,SIEGE MADRE,Family,592
870,SWARM GOLD,Horror,592
967,WEEKEND PERSONAL,Sci-Fi,592
975,WILLOW TRACY,Family,592
988,WORKER TARZAN,Travel,592
58,BEACH HEARTBREAKERS,Documentary,593
73,BINGO TALENTED,Sci-Fi,593
74,BIRCH ANTITRUST,Music,593
75,BIRD INDEPENDENCE,Travel,593
88,BORN SPINAL,Travel,593
7,AIRPLANE SIERRA,Comedy,594
8,AIRPORT POLLOCK,Horror,594
9,ALABAMA DEVIL,Horror,594
10,ALADDIN CALENDAR,Sports,594
13,ALI FOREVER,Horror,594
241,DONNIE ALLEY,Animation,595
281,ENCINO ELF,Games,595
301,FAMILY SWEET,Horror,595
344,FURY MURDER,Children,595
349,GANGS PRIDE,Animation,595
213,DATE SPEED,Family,596
281,ENCINO ELF,Games,596
299,FACTORY DRAGON,Travel,596
352,GATHERING CALENDAR,Games,596
359,GLADIATOR WESTWARD,Family,596
795,SIEGE MADRE,Family,597
870,SWARM GOLD,Horror,597
967,WEEKEND PERSONAL,Sci-Fi,597
975,WILLOW TRACY,Family,597
988,WORKER TARZAN,Travel,597
308,FERRIS MOTHER,Comedy,598
332,FRANKENSTEIN STRANGER,Comedy,598
345,GABLES METROPOLIS,Family,598
358,GILMORE BOILED,Classics,598
380,GREEK EVERYONE,Foreign,598
308,FERRIS MOTHER,Comedy,599
332,FRANKENSTEIN STRANGER,Comedy,599
345,GABLES METROPOLIS,Family,599
358,GILMORE BOILED,Classics,599
380,GREEK EVERYONE,Foreign,599
